"site_id","plot_id","taxon_name","diam_cm","height_m"
"Site1",NA,"pouteria williamii",14.2,19.7
"Site1",NA,"socratea exorrhiza",13.3,15.2
"Site1",NA,"virola peruviana",12.2,15.1
"Site1",NA,"castilla ulei",13.6,14.6
"Site1",NA,"inga sp.9",31.067044891538,23.3
"Site1",NA,"garcinia madruno",15.7,5.3
"Site1",NA,"siparuna cristata",13,14.8
"Site1",NA,"pachira insignis",65.2,34.6
"Site1",NA,"abarema sp.1",31,22.9
"Site1",NA,"parkia multijuga",18.7,18.6
"Site1",NA,"caraipa grandifolia",10.5,14.8
"Site1",NA,"iryanthera laevis",29.5,23.7
"Site1",NA,"eschweilera coriacea",64.5,34.5
"Site1",NA,"eschweilera coriacea",26.5,23.9
"Site1",NA,"sloanea multiflora",26.1,21.2
"Site1",NA,"eschweilera itayensis",28.3,23.1
"Site1",NA,"aniba sp.1",10.6,13.3
"Site1",NA,"sterculia apeibophylla",53,35
"Site1",NA,"protium opacum",12.5,14.5
"Site1",NA,"trattinnickia sp.",11.7,4.7
"Site1",NA,"warszewiczia coccinea",11.58647985709,14
"Site1",NA,NA,16.8,17.8
"Site1",NA,"miconia napoana",12.509578527023,11.3
"Site1",NA,"virola calophylla",15.2,15.8
"Site1",NA,"protium krukoffii",15.1,17.2
"Site1",NA,"eschweilera rufifolia",98.3577548307913,43.7
"Site1",NA,"nealchornea yapurensis",15.2,16.5
"Site1",NA,"compsoneura sprucei",13.7191560945214,16.2
"Site1",NA,"guarea kunthiana",23.1,21.6
"Site1",NA,"swartzia leptopetala",19.1,20.9
"Site1",NA,"sterculia apeibophylla",36.6,28.4
"Site1",NA,"eschweilera coriacea",23.2,22.1
"Site1",NA,"virola duckei",11.3,13.9
"Site1",NA,"theobroma microcarpum",10.1,13.3
"Site1",NA,"oxandra riedeliana",18.5,19.3
"Site1",NA,"perebea sp.1",14.4,16.5
"Site1",NA,"pterocarpus amazonum",13.9,7.8
"Site1",NA,"euterpe precatoria",14,15
"Site1",NA,NA,10.1,9.6
"Site1",NA,"iriartea deltoidea",25,26
"Site1",NA,"theobroma subincanum",17.8,18.5
"Site1",NA,"guarea cristata",11.2,15.1
"Site1",NA,"lacmellea sp.1",10.663381187157,13.6
"Site1",NA,"vatairea erythrocarpa",13.9,16.3
"Site1",NA,"endlicheria klugii",19.9,20.8
"Site1",NA,"astrocaryum ferrugineum",14.6,15.1
"Site1",NA,"zygia latifolia",11.6,15.3
"Site1",NA,"dicranostyles sp.1",13.8,15.5
"Site1",NA,NA,26.6,22.8
"Site1",NA,"apeiba membranacea",20.4,19.5
"Site1",NA,NA,18.5,18.9
"Site1",NA,NA,11.7,13.7
"Site1",NA,"naucleopsis krukovii",10.52,13.3
"Site1",NA,"dialium guianense",27.2,22.3
"Site1",NA,"eschweilera coriacea",17.3,18
"Site1",NA,"inga cylindrica",10.8543671188673,13.1
"Site1",NA,"matayba sp.1",30.5,23
"Site1",NA,"eschweilera coriacea",11.5,13.9
"Site1",NA,"trichilia solitudinis",11.8,13.7
"Site1",NA,"eschweilera coriacea",27.7,24.3
"Site1",NA,"eschweilera coriacea",27.7,23.5
"Site1",NA,"aspidosperma excelsum",22.2,20.6
"Site1",NA,"virola sebifera",15.6,17.9
"Site1",NA,"protium divaricatum",12.5,14.4
"Site1",NA,"leonia glycycarpa",10.4,13.9
"Site1",NA,"virola duckei",17.5388747287269,18
"Site1",NA,"duguetia ulei",20.4,20.7
"Site1",NA,"spondias globosa",66.5,37.3
"Site1",NA,"pouteria williamii",19,18.5
"Site1",NA,"inga leiocalycina",31.9,24
"Site1",NA,"otoba glycycarpa",20.8,26.2
"Site1",NA,"dacryodes amplectans",11.6,13.9
"Site1",NA,"couepia macrophylla",12.1,15.6
"Site1",NA,"patinoa ichthyotoxica",51.15,32.1
"Site1",NA,"cecropia sciadophylla",11.3,15.2
"Site1",NA,"virola peruviana",42.9,28.8
"Site1",NA,"iriartea deltoidea",26,19.6
"Site1",NA,"apeiba membranacea",24.1,22.7
"Site1",NA,"astrocaryum ferrugineum",13.2,13.5
"Site1",NA,"eschweilera gigantea",58.6,35.1
"Site1",NA,"alseis microcarpa",17.2,19.3
"Site1",NA,"eschweilera coriacea",11.8,15.3
"Site1",NA,"angostura simplex",13,15
"Site1",NA,"guarea gomma",20.8,19.7
"Site1",NA,"eschweilera coriacea",12.8,15.8
"Site1",NA,"warszewiczia coccinea",15.3,17.1
"Site1",NA,"cecropia sciadophylla",47.3,30.9
"Site1",NA,"sterculia tessmannii",19.9580298637237,19
"Site1",NA,"leonia glycycarpa",20.8,19.4
"Site1",NA,"pseudolmedia laevis",38,28.3
"Site1",NA,"iryanthera hostmannii",10.7,13
"Site1",NA,"neea ovalifolia",20.5,20.8
"Site1",NA,"euterpe precatoria",19.7,19.8
"Site1",NA,"heisteria ovata",14.1,15.7
"Site1",NA,"hymenaea oblongifolia",12.6,15.2
"Site1",NA,"otoba parvifolia",10.4,14.7
"Site1",NA,"ocotea sp.7",17.8,19.6
"Site1",NA,"heisteria ovata",44.8,29
"Site1",NA,"virola pavonis",19.1,19.4
"Site1",NA,"oxandra xylopioides",11.8,14.5
"Site1",NA,"ocotea sp.7",15.2,17.2
"Site1",NA,"eschweilera coriacea",17.4,18.5
"Site1",NA,"chrysophyllum venezuelanum",41.6,27.9
"Site1",NA,"guatteria ramiflora",42.2,33.4
"Site1",NA,"iryanthera hostmannii",10.4,13
"Site1",NA,"apeiba membranacea",11.2,13.5
"Site1",NA,"spondias globosa",35,30
"Site1",NA,"inga pruriens",32.9,22.6
"Site1",NA,"alchorneopsis floribunda",11.5,13.6
"Site1",NA,"chrysochlamys weberbaueri",11.5,13.6
"Site1",NA,"pleurothyrium vasquezii",11,14
"Site1",NA,"pouteria campanulata",15.5,16.4
"Site1",NA,"eugenia albicans",11,13.5
"Site1",NA,"otoba glycycarpa",12.6050714928781,15.3
"Site1",NA,"eschweilera sp.3",13.8,18.9
"Site1",NA,"apeiba membranacea",45.8,28.2
"Site1",NA,"eschweilera coriacea",29.5,24.4
"Site1",NA,NA,10.8543671188673,12.9
"Site1",NA,"pourouma minor",19.9,10.4
"Site1",NA,"otoba glycycarpa",39.1,27.9
"Site1",NA,"pouteria sp.8",32.1,26.8
"Site1",NA,"otoba parvifolia",15,16.1
"Site1",NA,"gustavia hexapetala",23.1,20.6
"Site1",NA,"spondias globosa",47.4,32.8
"Site1",NA,"euterpe precatoria",14.6,17.2
"Site1",NA,"otoba parvifolia",20.3,20.2
"Site1",NA,"iryanthera macrophylla",12.1,14.9
"Site1",NA,"socratea exorrhiza",15.1,15.7
"Site1",NA,"virola pavonis",41.5,28.4
"Site1",NA,"virola duckei",35.4,27.5
"Site1",NA,NA,15.3,17.2
"Site1",NA,"ampelocera edentula",13,15
"Site1",NA,"lauraceae sp.3",11.6,14.5
"Site1",NA,"eschweilera coriacea",11.6183108457084,13.9
"Site1",NA,"xylopia calophylla",12.2,14.3
"Site1",NA,"virola peruviana",16.6,3.6
"Site1",NA,"hasseltia floribunda",32.2,24
"Site1",NA,"guatteria ramiflora",37.4,27.6
"Site1",NA,"virola peruviana",17.6,18.5
"Site1",NA,"pseudolmedia laevis",26,24.1
"Site1",NA,"spondias globosa",31,15.4
"Site1",NA,"annona jucunda",55.6,33.5
"Site1",NA,"virola duckei",18.3,18.4
"Site1",NA,"esenbeckia amazonica",14.610423775836,16.7
"Site1",NA,NA,15.4,17.1
"Site1",NA,"eschweilera coriacea",30.4,26.9
"Site1",NA,"oxandra mediocris",17.7,19.2
"Site1",NA,"ampelocera edentula",12.5414095156414,15.4
"Site1",NA,"iriartea deltoidea",27.38,27.6
"Site1",NA,"virola pavonis",38.4,26.3
"Site1",NA,"otoba glycycarpa",36.5,26.7
"Site1",NA,"theobroma obovatum",26.2,23.5
"Site1",NA,"eschweilera coriacea",15.6,17.4
"Site1",NA,"naucleopsis ulei",12.1,15.2
"Site1",NA,"oxandra riedeliana",17.6,17.2
"Site1",NA,"unidentified",12.1,13.6
"Site1",NA,"ampelocera edentula",22.4,21.4
"Site1",NA,"unonopsis spectabilis",10.6,14.1
"Site1",NA,"casearia sylvestris",10.4,13.3
"Site1",NA,"virola loretensis",10.1,13
"Site1",NA,"socratea exorrhiza",16.7,18.1
"Site1",NA,"chrysophyllum bombycinum",10.605,13
"Site1",NA,"inga sp.12",13.9,16.4
"Site1",NA,"hirtella schultesii",16,17.7
"Site1",NA,"eschweilera bracteosa",43,29.6
"Site1",NA,"virola duckei",16.3,18.7
"Site1",NA,"ampelocera edentula",12.3,13.7
"Site1",NA,"osteophloeum platyspermum",11.5,2.1
"Site1",NA,"trichilia septentrionalis",13.8,15.7
"Site1",NA,"oxandra xylopioides",29.8,23.8
"Site1",NA,"otoba parvifolia",12.0002827091289,1
"Site1",NA,"virola peruviana",11.65,3.4
"Site1",NA,"conceveiba guianensis",12.9,14.9
"Site1",NA,"tachigali sp.1",18.1,17.8
"Site1",NA,"chrysophyllum venezuelanum",23.4,22.5
"Site1",NA,"leptobalanus octandrus",16.9,15.5
"Site1",NA,NA,29.7,26.8
"Site1",NA,"apeiba membranacea",50.7,2.5
"Site1",NA,"otoba glycycarpa",20.5309876588545,20.7
"Site1",NA,"eschweilera coriacea",51.26,34.1
"Site1",NA,"cecropia sciadophylla",19.9,19.4
"Site1",NA,"protium opacum",17.3,18.3
"Site1",NA,"minquartia guianensis",16.9,18.4
"Site1",NA,"simaba polyphylla",33,30.2
"Site1",NA,"caraipa grandifolia",11.2,18
"Site1",NA,"inga capitata",12.7,14.4
"Site1",NA,"theobroma subincanum",17.5,18.4
"Site1",NA,"eschweilera coriacea",16.9,17
"Site1",NA,NA,17,18.2
"Site1",NA,"pterocarpus amazonum",13.6,15.2
"Site1",NA,"eschweilera gigantea",10.8,13.6
"Site1",NA,"brosimum guianense",27.6,22.9
"Site1",NA,"eschweilera coriacea",21.6,21
"Site1",NA,"iriartea deltoidea",16.3,18.8
"Site1",NA,"eschweilera bracteosa",16.2,17.5
"Site1",NA,"eschweilera gigantea",16.7,18.8
"Site1",NA,"eschweilera bracteosa",20.5,20
"Site1",NA,"vochysia lomatophylla",36.1,24.7
"Site1",NA,"ampelocera edentula",23.5,22
"Site1",NA,"pouteria williamii",20.9,21.5
"Site1",NA,"theobroma obovatum",24.4,23.5
"Site1",NA,"iriartea deltoidea",24.2,21.8
"Site1",NA,"guarea kunthiana",13.3,16.2
"Site1",NA,"conceveiba guianensis",22.7,21
"Site1",NA,"naucleopsis oblongifolia",31.6,25.1
"Site1",NA,"trichilia tuberculata",11.5,14.7
"Site1",NA,"iriartea deltoidea",23.3957766345086,17.4
"Site1",NA,"platymiscium stipulare",15.4,16.4
"Site1",NA,"caraipa grandifolia",12.5,14.2
"Site1",NA,"virola elongata",11.5,13.5
"Site1",NA,"tovomita krukovii",19.6,19.8
"Site1",NA,"zygia latifolia",14.3,15.4
"Site1",NA,"leptobalanus latus",17.1,17.8
"Site1",NA,"eschweilera bracteosa",13.3,16.6
"Site1",NA,"pseudolmedia laevis",14.6422547644544,15.9
"Site1",NA,"anaxagorea brevipes",10.2495783351181,14.4
"Site1",NA,"naucleopsis sp.1",32.5,25.1
"Site1",NA,"iriartea deltoidea",20.2763397499075,16.5
"Site1",NA,"euterpe precatoria",13.4,15.5
"Site1",NA,"eschweilera bracteosa",20.2,19.2
"Site1",NA,"guatteria boliviana",14.8,15.7
"Site1",NA,"hymenopus heteromorphus",15.1,16.4
"Site1",NA,"naucleopsis riparia",16.3,15.7
"Site1",NA,"inga heterophylla",27.9794389955552,22
"Site1",NA,"sapindaceae sp.1",44.7,29.9
"Site1",NA,"eschweilera coriacea",38.4,25.8
"Site1",NA,NA,12.8,16.2
"Site1",NA,"unidentified",10.3,14.7
"Site1",NA,"stryphnodendron polystachyum",32,24.1
"Site1",NA,"otoba glycycarpa",11.1090150278143,14.2
"Site1",NA,"matayba scrobiculata",35.3,27.6
"Site1",NA,"otoba parvifolia",15.9,17.7
"Site1",NA,"couepia macrophylla",10.4,14.5
"Site1",NA,"trichilia quadrijuga",10.6,6.6
"Site1",NA,"miconia emendata",16.9022549563593,16.9
"Site1",NA,"aptandra tubicina",41,29.6
"Site1",NA,"brosimum lactescens",13.1,16.2
"Site1",NA,"inga acicularis",29.5,25.5
"Site1",NA,"tetragastris panamensis",32.5,27.3
"Site1",NA,"virola multinervia",14.6,17.3
"Site1",NA,"neea ovalifolia",21.4859173174059,21.3
"Site1",NA,"casearia ulmifolia",22.6,20.7
"Site1",NA,"coccoloba sp.1",10.6,10.4
"Site1",NA,"dulacia candida",15.7,18.1
"Site1",NA,"eugenia patrisii",10.3,13.1
"Site1",NA,"zygia latifolia",11.3,15
"Site1",NA,"swartzia arborescens",10.3,13.2
"Site1",NA,"eschweilera coriacea",41.5,27.4
"Site1",NA,"sterculia tessmannii",15.9791562864263,6.8
"Site1",NA,"eschweilera coriacea",11.7,20.1
"Site1",NA,"hevea guianensis",37.7197215127792,28.1
"Site1",NA,"astrocaryum ferrugineum",12.9,15.3
"Site1",NA,"simaba polyphylla",11.1,14.7
"Site1",NA,"iryanthera macrophylla",13.1,15.6
"Site1",NA,"calliandra guildingii",16.4884521043204,17.8
"Site1",NA,"iryanthera hostmannii",12.9,13.9
"Site1",NA,"eschweilera coriacea",38.3,28
"Site1",NA,"chrysochlamys weberbaueri",11.1,13.3
"Site1",NA,"siparuna guianensis",10.8,14.4
"Site1",NA,"swartzia oraria",13.9,15.2
"Site1",NA,"pouteria guianensis",33.7,26
"Site1",NA,"virola pavonis",34.1,26.9
"Site1",NA,"virola pavonis",15.5,16.4
"Site1",NA,"pseudolmedia laevis",19.1,17.6
"Site1",NA,"euterpe precatoria",17.7,17.1
"Site1",NA,"couepia macrophylla",12.7005644587332,19.6
"Site1",NA,"endlicheria sp.7",10.7,12.7
"Site1",NA,"micropholis porphyrocarpa",52.8,34.7
"Site1",NA,"endlicheria sp.7",20,21.1
"Site1",NA,"virola duckei",10.1,13.6
"Site1",NA,"conceveiba guianensis",15.4,15.7
"Site1",NA,"licania canescens",10.2,12.7
"Site1",NA,"ocotea sp.7",18.1,18.8
"Site1",NA,"iryanthera hostmannii",12.2867616066943,14.5
"Site1",NA,"euterpe precatoria",18.5,16.5
"Site1",NA,"brosimum lactescens",30,21.8
"Site1",NA,"byrsonima flexipes",26.89,22.9
"Site1",NA,"chrysophyllum argenteum",11.3,6.7
"Site1",NA,"pouteria hispida",14.3,16.9
"Site1",NA,"erisma laurifolium",12.1,14.6
"Site1",NA,"conceveiba guianensis",19.7,19
"Site1",NA,"huertea glandulosa",31.5,6.6
"Site1",NA,"anaxagorea brevipes",11.1,14.3
"Site1",NA,"theobroma subincanum",10.7,12.8
"Site1",NA,"spondias globosa",22.05,19.4
"Site1",NA,"otoba glycycarpa",11.4273249139981,14.2
"Site1",NA,"conceveiba guianensis",20.2,19.5
"Site1",NA,"conceveiba guianensis",12.2,15.5
"Site1",NA,"oxandra riedeliana",12.3,13.7
"Site1",NA,"astrocaryum ferrugineum",10.3,3.1
"Site1",NA,"eschweilera coriacea",33.5,24.7
"Site1",NA,"virola sebifera",12.1276066636024,14.2
"Site1",NA,"virola calophylla",10.8543671188673,14.3
"Site1",NA,"casearia arborea",17.7,17.9
"Site1",NA,"hevea guianensis",26.2,20.8
"Site1",NA,"sterculia peruviana",30.7,23.9
"Site1",NA,"pouteria sp.1",13.7,16.1
"Site1",NA,"mollia gracilis",40.5,26.6
"Site1",NA,"eschweilera coriacea",44.2450741795469,29.3
"Site1",NA,"ocotea cernua",21.6,24.2
"Site1",NA,"myrtaceae sp.15",20.5,19.7
"Site1",NA,"myrtaceae sp.15",29.8,7.1
"Site1",NA,"apeiba membranacea",26.1,30.5
"Site1",NA,"eschweilera coriacea",27.4,23.6
"Site1",NA,"faramea anisocalyx",13.1143673107722,15.2
"Site1",NA,"warszewiczia coccinea",11.0771840391959,14.1
"Site1",NA,"platymiscium stipulare",31.5,23.2
"Site1",NA,"fusaea longifolia",12,14.7
"Site1",NA,"virola pavonis",41.1,29.4
"Site1",NA,"endlicheria sp.7",20.7538045791832,18.6
"Site1",NA,"myrtaceae sp.7",26.7,23.6
"Site1",NA,"perebea guianensis",16.1,17.8
"Site1",NA,"heisteria ovata",16.8,17.9
"Site1",NA,"sapindaceae sp.3",13.75,15.5
"Site1",NA,"virola calophylla",20.2,18.6
"Site1",NA,"nealchornea yapurensis",26.6,22.6
"Site1",NA,"pseudolmedia laevis",23.8,23.5
"Site1",NA,"conceveiba guianensis",19.6,20.6
"Site1",NA,"perebea xanthochyma",24.4,20.4
"Site1",NA,"tachigali setifera",23.3639456458902,23.4
"Site1",NA,"astrocaryum ferrugineum",11.3,13.9
"Site1",NA,"leptobalanus octandrus",17.6,4
"Site1",NA,NA,25.1,23.5
"Site1",NA,"oxandra mediocris",13.2416912652457,15.9
"Site1",NA,"eschweilera itayensis",21.9,20.8
"Site1",NA,"theobroma obovatum",12.1,14.5
"Site1",NA,"pseudolmedia laevigata",34,28.1
"Site1",NA,"tachigali setifera",30.2712701760785,24.1
"Site1",NA,"myrtaceae sp.5",11,13.8
"Site1",NA,"macrolobium angustifolium",23.1,21.3
"Site1",NA,"couepia macrophylla",13.2,15.6
"Site1",NA,"theobroma obovatum",12.02,15.4
"Site1",NA,"otoba glycycarpa",23.3,20.8
"Site1",NA,"eschweilera coriacea",33.6,23.7
"Site1",NA,"inga capitata",16.5202830929387,18.5
"Site1",NA,"carapa guianensis",20.9,21.4
"Site1",NA,"conceveiba guianensis",15.8,18.8
"Site1",NA,"virola peruviana",12.8,15.1
"Site1",NA,"protium grandifolium",19.8307059092502,18.6
"Site1",NA,"iryanthera hostmannii",17.7,22.7
"Site1",NA,"ormosia sp.1",55.7,31.7
"Site1",NA,"astrocaryum ferrugineum",10.5,13.8
"Site1",NA,NA,15.3,16.9
"Site1",NA,"brosimum guianense",19.3,20.2
"Site1",NA,"eschweilera coriacea",28.1,23.7
"Site1",NA,"vatairea erythrocarpa",40.7,24
"Site1",NA,"couepia obovata",30.4304251191704,24.8
"Site1",NA,"licaria sp.3",11.3,14.7
"Site1",NA,"tetrathylacium macrophyllum",12.1,16.5
"Site1",NA,"otoba parvifolia",64.8715548042565,32.4
"Site1",NA,"guarea gomma",11.1,13
"Site1",NA,"conceveiba guianensis",12.1,15.6
"Site1",NA,"eschweilera coriacea",17.3,17.5
"Site1",NA,"socratea exorrhiza",14.8,16.2
"Site1",NA,"perebea guianensis",44.2132431909285,2.1
"Site1",NA,"spondias globosa",52.7,31.6
"Site1",NA,NA,12.5,14
"Site1",NA,"oxandra xylopioides",29.2,22
"Site1",NA,"conceveiba guianensis",16,17
"Site1",NA,"carapa guianensis",26,22
"Site1",NA,"virola duckei",12.1,15
"Site1",NA,"guatteria ramiflora",15.8,16.1
"Site1",NA,"conceveiba guianensis",23.6,20.5
"Site1",NA,"nealchornea yapurensis",38.5,30.8
"Site1",NA,"astrocaryum ferrugineum",14,15.9
"Site1",NA,"meliosma loretoyacuensis",11,14.6
"Site1",NA,"simarouba amara",22.4726779645756,22
"Site1",NA,"hevea guianensis",24.95,4.4
"Site1",NA,"quararibea loretoyacuensis",18.7166213076069,5.9
"Site1",NA,"pouteria bangii",10.4,12.3
"Site1",NA,"iryanthera laevis",27.5,23.8
"Site1",NA,"hasseltia floribunda",29.4,21.6
"Site1",NA,"protium subserratum",12.3,16.2
"Site1",NA,"vochysia sp.1",12.2,15.5
"Site1",NA,"osteophloeum platyspermum",15.3,17.3
"Site1",NA,"scleronema micranthum",26.3,23
"Site1",NA,"sloanea pubescens",33.1,25.8
"Site1",NA,"leonia glycycarpa",11.9366207318922,15.1
"Site1",NA,"guarea pubescens",14.8332406961646,15.6
"Site1",NA,"astrocaryum ferrugineum",13,14.5
"Site1",NA,"otoba parvifolia",10.5,14.2
"Site1",NA,"virola sebifera",11.6,13.6
"Site1",NA,"eschweilera coriacea",46.7,31.1
"Site1",NA,"conceveiba guianensis",11.1,14.7
"Site1",NA,"brosimum guianense",19.95,20.6
"Site1",NA,"iryanthera macrophylla",12.7,16.1
"Site1",NA,"symphonia globulifera",28,24.3
"Site1",NA,"aspidosperma rigidum",12.2,15
"Site1",NA,"astrocaryum ferrugineum",12.8,16.3
"Site1",NA,"casearia javitensis",10.7,13.4
"Site1",NA,"endlicheria metallica",16.4,17.1
"Site1",NA,NA,13.7,15.8
"Site1",NA,NA,11.8,13.6
"Site1",NA,"ocotea longifolia",16.8,13.9
"Site1",NA,"theobroma microcarpum",12.7,15.8
"Site1",NA,"zygia latifolia",22.5,22.2
"Site1",NA,"eschweilera coriacea",34.6,24.7
"Site1",NA,"eschweilera coriacea",27,23.4
"Site1",NA,"hirtella racemosa",10.7588741530121,14.4
"Site1",NA,"byrsonima flexipes",18.5,4.1
"Site1",NA,"eschweilera bracteosa",17.1,17.5
"Site1",NA,"clarisia biflora",30.4,25.3
"Site1",NA,"vochysia lomatophylla",12,15.1
"Site1",NA,"pouteria williamii",12.5,14.1
"Site1",NA,"oxandra riedeliana",18.302818455568,21.6
"Site1",NA,"theobroma microcarpum",16.7,17.8
"Site1",NA,"dendropanax cuneatus",12,14.1
"Site1",NA,"jacaranda obtusifolia",24.2,21.4
"Site1",NA,"pouteria bangii",12.8,13.8
"Site1",NA,"trichilia septentrionalis",11.9,14.2
"Site1",NA,"virola pavonis",35.8,26.6
"Site1",NA,"parkia multijuga",27.4,21.2
"Site1",NA,"guatteria decurrens",11.6,13.6
"Site1",NA,"faramea anisocalyx",11.7,13.4
"Site1",NA,"micropholis venulosa",11.3636629367613,13
"Site1",NA,"apeiba membranacea",41.8,13.4
"Site1",NA,"eschweilera coriacea",24.1278893727313,16.8
"Site1",NA,"iryanthera hostmannii",13.5,2.2
"Site1",NA,"oxandra riedeliana",11.4,13.9
"Site1",NA,"warszewiczia coccinea",11.4,14.3
"Site1",NA,"virola pavonis",14.1,16.1
"Site1",NA,"meliosma herbertii",22.9,20.4
"Site1",NA,"unidentified",15.8,17.1
"Site1",NA,"spondias globosa",31,25.1
"Site1",NA,"couepia macrophylla",11.1,14.1
"Site1",NA,"apeiba membranacea",38.2,31
"Site1",NA,"sterculia tessmannii",14.4194378441257,16.1
"Site1",NA,"theobroma microcarpum",13,15.4
"Site1",NA,"compsoneura sprucei",13.4,17
"Site1",NA,"virola multinervia",13.5,15.2
"Site1",NA,"heisteria ovata",26.3242275873995,22.4
"Site1",NA,"protium nodulosum",10.9,13.2
"Site1",NA,"sloanea floribunda",45.45,32.7
"Site1",NA,"otoba glycycarpa",21.1,18.9
"Site1",NA,"couratari guianensis",26,22.5
"Site1",NA,"protium nodulosum",11.9,15
"Site1",NA,"chrysochlamys weberbaueri",12.3,7.9
"Site1",NA,"guarea kunthiana",22.9,18.9
"Site1",NA,"astrocaryum ferrugineum",10.7,13.5
"Site1",NA,"unonopsis guatterioides",10.8,17.8
"Site1",NA,"dacryodes amplectans",13.3,14.9
"Site1",NA,"leptobalanus octandrus",12.9870433562987,13.9
"Site1",NA,"ficus gomelleira",45.1,30.2
"Site1",NA,"pseudolmedia laevis",23.9369034410211,20
"Site1",NA,"pseudolmedia laevigata",38.2608483192916,29.3
"Site1",NA,"scleronema micranthum",22,19
"Site1",NA,"astrocaryum ferrugineum",13.3,16.5
"Site1",NA,"virola multinervia",13.7,16.7
"Site1",NA,"trichilia solitudinis",11.8,19
"Site1",NA,"annona neoamazonica",29.1571855744352,23.4
"Site1",NA,"richeria sp.1",17.3,3.3
"Site1",NA,"hirtella hispidula",11.0771840391959,13.5
"Site1",NA,"eschweilera coriacea",40.9,28.9
"Site1",NA,"astrocaryum ferrugineum",15.9,18.1
"Site1",NA,"matayba purgans",11.7,14.2
"Site1",NA,"theobroma microcarpum",24.4,21.4
"Site1",NA,NA,29.4,22.1
"Site1",NA,"byrsonima sp.1",18.5,18.5
"Site1",NA,"eschweilera coriacea",29.5,24.3
"Site1",NA,"virola peruviana",16.5,17.9
"Site1",NA,"iryanthera juruensis",20,20
"Site1",NA,"neea spruceana",10.1,12.5
"Site1",NA,"iryanthera macrophylla",13.6,18.2
"Site1",NA,"rudgea sclerocalyx",15.3,18.3
"Site1",NA,"sloanea pubescens",10.2,13.3
"Site1",NA,"theobroma microcarpum",13.3,15.9
"Site1",NA,"zygia latifolia",18,17.9
"Site1",NA,"unidentified",24.4,23
"Site1",NA,NA,11.8,13.9
"Site1",NA,"otoba glycycarpa",20.7856355678015,21
"Site1",NA,"eschweilera coriacea",19.6,19.8
"Site1",NA,"sterculia colombiana",42,29.9
"Site1",NA,"quararibea loretoyacuensis",24,23
"Site1",NA,"iryanthera hostmannii",11.3,14
"Site1",NA,"macrolobium angustifolium",13.6,15.9
"Site1",NA,"caraipa grandifolia",13.6,13.5
"Site1",NA,"virola divergens",11.8,14.5
"Site1",NA,"pouteria torta",17.8,18.6
"Site1",NA,"faramea anisocalyx",11.2,14.3
"Site1",NA,"parkia multijuga",12.2549306180759,16.3
"Site1",NA,"eschweilera coriacea",11.5,13.5
"Site1",NA,"eschweilera coriacea",38.8,27.9
"Site1",NA,"casearia javitensis",18.4,13.5
"Site1",NA,"erisma laurifolium",26,20
"Site1",NA,"eschweilera coriacea",13.6,15
"Site1",NA,"eschweilera rufifolia",10.3,14.1
"Site1",NA,"inga cylindrica",23.4,22.9
"Site1",NA,"rhodostemonodaphne kunthiana",20.4,6
"Site1",NA,"siparuna cristata",10.5,13.5
"Site1",NA,"cecropia sciadophylla",23,19.2
"Site1",NA,"tapirira guianensis",18.3,18.4
"Site1",NA,"socratea exorrhiza",14.3,16.4
"Site1",NA,"eschweilera bracteosa",15.6,18.1
"Site1",NA,"sterculia peruviana",16.2,18.1
"Site1",NA,"pseudolmedia laevis",11.2,13.3
"Site1",NA,"pouteria sp.1",13.4,15.1
"Site1",NA,"bauhinia brachycalyx",11.5,14.3
"Site1",NA,"pterocarpus amazonum",18,18.9
"Site1",NA,"brosimum guianense",12.9,16.6
"Site1",NA,"caraipa grandifolia",10.9,13.9
"Site1",NA,"carapa guianensis",14,17.4
"Site1",NA,"eschweilera coriacea",31.1943688460115,27.3
"Site1",NA,"cordia panamensis",37.2,28.4
"Site1",NA,"pouteria baehniana",25.8785937467422,23.2
"Site1",NA,"eschweilera coriacea",27.8,22.2
"Site1",NA,"vochysia sp.1",14.4,17.3
"Site1",NA,"siparuna decipiens",12.5,15.5
"Site1",NA,"faramea multiflora",10.2495783351181,12.7
"Site1",NA,"pseudolmedia laevis",20.3081707385258,9.6
"Site1",NA,"vataireopsis iglesiasii",78.6,39.1
"Site1",NA,"lecointea amazonica",44.5,27.4
"Site1",NA,"astrocaryum ferrugineum",11,15.2
"Site1",NA,"theobroma subincanum",11.8729587546554,13.5
"Site1",NA,"myrcia sp.1",11,14.1
"Site1",NA,"bunchosia sp.1",32.4676083907466,28.2
"Site1",NA,"faramea multiflora",11.2,13.3
"Site1",NA,"hirtella schultesii",10.6315501985386,14
"Site1",NA,"trigonia sericea",14.2,13.3
"Site1",NA,"glycydendron amazonicum",11.3,13.5
"Site1",NA,"brosimum guianense",29.4,24.1
"Site1",NA,"bauhinia brachycalyx",15.6,17.4
"Site1",NA,"pourouma tomentosa",45.9,29.4
"Site1",NA,"aniba panurensis",15.7,16.3
"Site1",NA,"protium opacum",10.1859163578813,13.2
"Site1",NA,"virola pavonis",26.5,21.8
"Site1",NA,"iryanthera juruensis",13.6,17
"Site1",NA,"sterculia tessmannii",13.7,15.8
"Site1",NA,"minquartia guianensis",38,27.8
"Site1",NA,"inga cylindrica",40.5,28.1
"Site1",NA,"astrocaryum ferrugineum",14.5149308099809,15.8
"Site1",NA,"garcinia madruno",15,17.4
"Site1",NA,"brosimum lactescens",21.9,19.7
"Site1",NA,"licania triandra",15,9.4
"Site1",NA,"dendropanax cuneatus",16.3,9.2
"Site1",NA,NA,18.7,17.4
"Site1",NA,"cordia nodosa",13,15.4
"Site1",NA,"dendropanax cuneatus",13.6,15.7
"Site1",NA,"euterpe precatoria",13.7,12.4
"Site1",NA,"inga nobilis",13.9,17.3
"Site1",NA,"eschweilera coriacea",32,25.1
"Site1",NA,"oxandra major",17.8,19.6
"Site1",NA,"euterpe precatoria",12.5,14.9
"Site1",NA,"trichilia quadrijuga",15.3,16
"Site1",NA,"vochysia lomatophylla",46.5,33.8
"Site1",NA,"aspidosperma rigidum",15.7,16.3
"Site1",NA,"pouteria sp.1",29.7619743581844,21.4
"Site1",NA,"naucleopsis riparia",17.2,16.7
"Site1",NA,"maquira calophylla",18.9,21
"Site1",NA,"warszewiczia coccinea",12.9,16
"Site1",NA,"siparuna decipiens",11.6,14.9
"Site1",NA,"nealchornea yapurensis",11.1,14.4
"Site1",NA,"cecropia sciadophylla",47.1,30.8
"Site1",NA,"tachigali poeppigiana",12.9,14.7
"Site1",NA,"spondias globosa",35.9,31.1
"Site1",NA,"conceveiba guianensis",17.9,18.9
"Site1",NA,"tapura acreana",30.5,25.6
"Site1",NA,"otoba parvifolia",41.1,26.2
"Site1",NA,"erisma laurifolium",53.7,33
"Site1",NA,"pseudolmedia laevis",15.1,16.3
"Site1",NA,"iryanthera juruensis",15.9,17.6
"Site1",NA,"virola loretensis",24.2,19.7
"Site1",NA,"guatteria modesta",14.3,17.2
"Site1",NA,"dendropanax cuneatus",13.5,15.4
"Site1",NA,"marila tomentosa",11.7,13.3
"Site1",NA,"eschweilera itayensis",20.3,20.5
"Site1",NA,"protium nodulosum",11.7,15.1
"Site1",NA,"theobroma obovatum",13.2,15
"Site1",NA,"virola duckei",23.1,18.8
"Site1",NA,"tetragastris panamensis",31.4,27.2
"Site1",NA,"eschweilera rufifolia",18.1,17.4
"Site1",NA,"sterculia apeibophylla",54.2,31.3
"Site1",NA,"conceveiba martiana",10.1,12.2
"Site1",NA,"virola peruviana",21.1,20.5
"Site1",NA,"inga sp.12",29.3,25.3
"Site1",NA,"iriartea deltoidea",27.8,25.7
"Site1",NA,"protium nodulosum",28.1,24.4
"Site1",NA,"eschweilera bracteosa",33.8,26
"Site1",NA,"nealchornea yapurensis",17.2,17.2
"Site1",NA,"gustavia augusta",12.3,15.1
"Site1",NA,"guatteria modesta",44.2,30.4
"Site1",NA,"inga leptocarpa",16.7,17.6
"Site1",NA,"virola pavonis",16,17.5
"Site1",NA,"couepia macrophylla",11.1,12.5
"Site1",NA,"symphonia globulifera",20.5,19
"Site1",NA,"sloanea guianensis",16.9,17.9
"Site1",NA,"vatairea erythrocarpa",11.9,15.1
"Site1",NA,"theobroma obovatum",22.6,22.3
"Site1",NA,"eschweilera coriacea",36.6,28.3
"Site1",NA,NA,14,15.7
"Site1",NA,"ficus maxima",33.8,27.8
"Site1",NA,"compsoneura sprucei",12.6369024814965,16
"Site1",NA,"pera sp.1",13.8783110376133,16.4
"Site1",NA,"eschweilera coriacea",14.4,17.5
"Site1",NA,"otoba glycycarpa",13.5,14.4
"Site1",NA,"socratea exorrhiza",10.3132403123548,1.2
"Site1",NA,"conceveiba guianensis",25.4,21.4
"Site1",NA,"trichilia septentrionalis",19.3,17.5
"Site1",NA,"eschweilera coriacea",57.5,34.5
"Site1",NA,"trichilia quadrijuga",11.2,17.2
"Site1",NA,"anaueria brasiliensis",15.4,17.2
"Site1",NA,"guarea pubescens",16.1,16.4
"Site1",NA,"zygia latifolia",27.9,25.2
"Site1",NA,"eschweilera coriacea",23,21.8
"Site1",NA,"garcinia madruno",12.6,14.2
"Site1",NA,"endlicheria krukovii",12.2,4.5
"Site1",NA,"conceveiba martiana",30.1,25.6
"Site1",NA,"",13.5,14.5
"Site1",NA,"virola peruviana",11.6,13.2
"Site1",NA,NA,19.5,19.1
"Site1",NA,"endlicheria sp.7",12.2867616066943,13.7
"Site1",NA,"warszewiczia coccinea",14.92,16.6
"Site1",NA,"eschweilera coriacea",42.1,26.7
"Site1",NA,"iryanthera hostmannii",12,16.8
"Site1",NA,"warszewiczia coccinea",14.5,16.6
"Site1",NA,"eschweilera gigantea",16.4,15.7
"Site1",NA,"eschweilera coriacea",13.7,15.1
"Site1",NA,"maquira calophylla",13.9,6
"Site1",NA,"licania canescens",10.2,12.9
"Site1",NA,"naucleopsis riparia",19.9,18.7
"Site1",NA,"conceveiba guianensis",11.02,14.2
"Site1",NA,"euterpe precatoria",18.5,18.7
"Site1",NA,"lindackeria paludosa",13.3,14.7
"Site1",NA,"siparuna guianensis",11,13.7
"Site1",NA,"pseudolmedia laevis",21.7,19.9
"Site1",NA,"otoba parvifolia",47.8,31.2
"Site1",NA,"sterculia tessmannii",10.2814093237364,13.5
"Site1",NA,"otoba parvifolia",20,17.9
"Site1",NA,"tachigali setifera",53.1,32.5
"Site1",NA,"eschweilera itayensis",81.7,39.6
"Site1",NA,"buchenavia amazonia",11,14
"Site1",NA,"hirtella racemosa",13.4,14.2
"Site1",NA,"caraipa grandifolia",10.3,2.1
"Site1",NA,"aptandra tubicina",25.3,21.1
"Site1",NA,"zygia latifolia",19.7,20.4
"Site1",NA,"theobroma obovatum",14.8,17.3
"Site1",NA,"virola loretensis",12.5,15.8
"Site1",NA,"rinorea lindeniana",14.9,16.9
"Site1",NA,"pouteria torta",26,23.5
"Site1",NA,"scleronema micranthum",19.5760580003031,21.7
"Site1",NA,"rudgea sclerocalyx",14.5,16.3
"Site1",NA,"eschweilera coriacea",35,18.2
"Site1",NA,"abuta grandifolia",12.3,13.6
"Site1",NA,"theobroma microcarpum",11.1,17.2
"Site1",NA,"bauhinia brachycalyx",10.8225361302489,12.9
"Site1",NA,"iryanthera juruensis",10.8,13.8
"Site1",NA,"oxandra major",13.4,15.9
"Site1",NA,"miconia punctata",16.9,17.9
"Site1",NA,"lacmellea edulis",25,21.1
"Site1",NA,"caryodaphnopsis sp.",10.5042262440651,10.2
"Site1",NA,"theobroma microcarpum",11.6,14.4
"Site1",NA,"brosimum acutifolium",40,25.2
"Site1",NA,"carapa guianensis",10.7,14.1
"Site1",NA,"apeiba membranacea",25.2,24.2
"Site1",NA,"nealchornea yapurensis",28.8,25.2
"Site1",NA,NA,15.4,16.1
"Site1",NA,"euterpe precatoria",16.1,17.3
"Site1",NA,"theobroma glaucum",14,14.4
"Site1",NA,"otoba glycycarpa",12.1,14.9
"Site1",NA,"theobroma obovatum",10.2,13.3
"Site1",NA,"euterpe precatoria",19.7,17.8
"Site1",NA,"hirtella racemosa",13.1143673107722,15.1
"Site1",NA,"guarea pubescens",10.7,14.3
"Site1",NA,"eschweilera coriacea",40.2,23.9
"Site1",NA,"eschweilera rufifolia",12.9,14.7
"Site1",NA,"otoba glycycarpa",11.7,8.2
"Site1",NA,"rinorea lindeniana",11.1408460164327,13.7
"Site1",NA,"duguetia quitarensis",19.4,20
"Site1",NA,"pouteria campanulata",16.8067619905041,6.3
"Site1",NA,"iryanthera laevis",37.8,25.9
"Site1",NA,"naucleopsis ulei",10.7,12.8
"Site1",NA,"heisteria ovata",21.8,22.3
"Site1",NA,"otoba glycycarpa",37.1,28.4
"Site1",NA,"pseudolmedia laevigata",12.8,14.6
"Site1",NA,"theobroma glaucum",12,8.1
"Site1",NA,"otoba glycycarpa",16.21,16.8
"Site1",NA,"inga vismiifolia",10.1,13.1
"Site1",NA,"sloanea guianensis",13.432677196956,16.6
"Site1",NA,"chrysophyllum prieurii",29.7,24.1
"Site1",NA,"endlicheria chalisea",13.9,15.5
"Site1",NA,"iryanthera hostmannii",17.3,5.5
"Site1",NA,"astrocaryum ferrugineum",11.7,14.8
"Site1",NA,"couratari guianensis",20.5,19.2
"Site1",NA,"pseudolmedia laevis",38.961130068896,27.1
"Site1",NA,"virola multinervia",10.3,14.1
"Site1",NA,"unidentified",14.6,17.4
"Site1",NA,"eschweilera coriacea",31.3,23.3
"Site1",NA,"apeiba membranacea",19.6078889889215,19
"Site1",NA,"hevea guianensis",31.1,24.9
"Site1",NA,"protium nodulosum",11.2,14.2
"Site1",NA,"eschweilera itayensis",51.1,45.7
"Site1",NA,"otoba glycycarpa",20.4,20.1
"Site1",NA,"scleronema micranthum",13,14.9
"Site1",NA,"pseudolmedia laevis",10.3,14.1
"Site1",NA,"fusaea longifolia",13.3,15.1
"Site1",NA,"dendropanax cuneatus",12.9,15.8
"Site1",NA,"quararibea loretoyacuensis",12,13.8
"Site1",NA,"leonia glycycarpa",12.3,14.4
"Site1",NA,"iriartea deltoidea",24.8,20.8
"Site1",NA,"pterocarpus sp.1",12.3,15
"Site1",NA,"macrolobium limbatum",20,20.3
"Site1",NA,"micropholis venulosa",21.7087342377345,20.8
"Site1",NA,"sterculia peruviana",19.3,19.3
"Site1",NA,"lauraceae sp.3",33.5,28.5
"Site1",NA,"chrysophyllum argenteum",14.5,16.8
"Site1",NA,"pouteria bilocularis",27,22.3
"Site1",NA,"matayba adenanthera",12.1,14.6
"Site1",NA,"carapa guianensis",29.4,24.1
"Site1",NA,"siparuna cristata",29.7,35.6
"Site1",NA,"ampelocera edentula",10.1,13.2
"Site1",NA,"terminalia dichotoma",10.2,13.4
"Site1",NA,"calycophyllum megistocaulum",11.9684517205105,15.4
"Site1",NA,"eschweilera gigantea",21.9,21.6
"Site1",NA,"alseis microcarpa",11,14.1
"Site1",NA,"otoba glycycarpa",17.1569028653063,6.3
"Site1",NA,"otoba parvifolia",22.3135230214837,19.8
"Site1",NA,"eschweilera coriacea",13.9,16
"Site1",NA,"pseudolmedia laevis",10.9,13.7
"Site1",NA,"tetragastris panamensis",16.3929591384652,17.4
"Site1",NA,"inga sp.1",16.456621115702,17
"Site1",NA,"casearia sylvestris",16.5,18.1
"Site1",NA,"protium trifoliolatum",10.2,13.5
"Site1",NA,"dacryodes amplectans",12.9,14.9
"Site1",NA,"brosimum guianense",26.2,22.3
"Site1",NA,NA,12.3,15.5
"Site1",NA,"eschweilera coriacea",10.8,14
"Site1",NA,"pouteria bilocularis",11.3,14.9
"Site1",NA,"fusaea peruviana",11.6819728229451,14.6
"Site1",NA,"eugenia sp.3",19.8,20
"Site1",NA,"pseudolmedia laevis",11.8,14.6
"Site1",NA,"inga umbratica",10.2,13.9
"Site1",NA,"brosimum guianense",12.6,15.7
"Site1",NA,"otoba glycycarpa",12.42,15.7
"Site1",NA,"sorocea pubivena",16.042818263663,18
"Site1",NA,NA,15,16.4
"Site1",NA,"perebea xanthochyma",10.4,13
"Site1",NA,"sapindaceae sp.3",15,16.3
"Site1",NA,"eschweilera bracteosa",20,18.3
"Site1",NA,"trichilia septentrionalis",10.7,13.4
"Site1",NA,"warszewiczia coccinea",16.6,18.2
"Site1",NA,"richeria sp.1",15,16
"Site1",NA,"astrocaryum ferrugineum",14.7,16.9
"Site1",NA,"nealchornea yapurensis",15.8,10.6
"Site1",NA,"trattinnickia sp.",12.6,13.4
"Site1",NA,"couepia macrophylla",12.5,15.4
"Site1",NA,NA,11,15.1
"Site1",NA,"sorocea pubivena",23.5,22.2
"Site1",NA,"dendropanax cuneatus",17.3,18.9
"Site1",NA,"eschweilera gigantea",22.2,19.8
"Site1",NA,NA,26.3,19.2
"Site1",NA,"zanthoxylum sp.1",53.7,33.2
"Site1",NA,"nealchornea yapurensis",25.1,23.5
"Site1",NA,"theobroma microcarpum",36.1,27.7
"Site1",NA,"nealchornea yapurensis",11.9,12.9
"Site1",NA,"naucleopsis glabra",17.634367694582,19.6
"Site1",NA,"eschweilera itayensis",68,33.1
"Site1",NA,"lacmellea sp.1",14.3,18.1
"Site1",NA,"cordia ucayaliensis",20.1,21
"Site1",NA,"iriartea deltoidea",22.5,20.8
"Site1",NA,"oxandra major",17.4,18
"Site1",NA,"sorocea steinbachii",11.9,14.3
"Site1",NA,"euterpe precatoria",12.2,15.1
"Site1",NA,"faramea anisocalyx",18.7,18
"Site1",NA,"mollia gracilis",12.9,14.7
"Site1",NA,"virola sebifera",15,18.1
"Site1",NA,"minquartia guianensis",16.5,17
"Site1",NA,"eschweilera coriacea",17.1,18.7
"Site1",NA,"carapa guianensis",57.2,32.8
"Site1",NA,"inga edulis",22.8,20.5
"Site1",NA,"faramea anisocalyx",10.7,14.9
"Site1",NA,"virola calophylla",11.6,14.7
"Site1",NA,"virola duckei",37.2,28
"Site1",NA,"hymenopus arachnoideus",17.5,15.7
"Site1",NA,"euterpe precatoria",17.5,17.9
"Site1",NA,"ficus trigona",29.1,23.7
"Site1",NA,"apeiba membranacea",33.6,26.7
"Site1",NA,"moquilea jaramilloi",35.2,27.6
"Site1",NA,"theobroma subincanum",12.8,13.5
"Site1",NA,"guatteria modesta",36.6692988883727,26.5
"Site1",NA,"eugenia albicans",10.3,13.7
"Site1",NA,"neea sp.2",11.9,14.4
"Site1",NA,"astrocaryum ferrugineum",13,16.6
"Site1",NA,"calliandra trinervia",11.2,14.2
"Site1",NA,"dendropanax cuneatus",12.8,14.9
"Site1",NA,"iriartea deltoidea",25.4,22.5
"Site1",NA,"leptobalanus longistylus",20.1,20.3
"Site1",NA,"sterculia apetala",14.2,15.8
"Site1",NA,"scleronema micranthum",11.1,1.8
"Site1",NA,"ocotea sp.7",15.2,17.3
"Site1",NA,"hirtella racemosa",12.4,2.3
"Site1",NA,"tachigali sp.2",13.3,14.8
"Site1",NA,"sterculia peruviana",10.5,13.3
"Site1",NA,"mollia gracilis",11.3,15
"Site1",NA,"eschweilera coriacea",11.3,13.8
"Site1",NA,"faramea occidentalis",16.4,21.5
"Site1",NA,"qualea paraensis",66,36.2
"Site1",NA,"tachigali setifera",15.3743675026771,17.9
"Site1",NA,"sterculia apeibophylla",147.3,47.5
"Site1",NA,"virola loretensis",14.9,16.4
"Site1",NA,"siparuna decipiens",13.5,15.3
"Site1",NA,"sapindaceae sp.3",13.7,15.2
"Site1",NA,"alsophila cuspidata",12.6687334701149,14.9
"Site1",NA,"micropholis porphyrocarpa",11.7,14.8
"Site1",NA,"pouteria krukovii",59.5239487163688,35.8
"Site1",NA,"eschweilera coriacea",10.663381187157,13.5
"Site1",NA,"garcinia sp.1",16.4,19.1
"Site1",NA,"trichilia quadrijuga",12.1,14.6
"Site1",NA,"sterculia apeibophylla",17.9526775807658,18.5
"Site1",NA,"astrocaryum ferrugineum",11.7,14.3
"Site1",NA,"annona neoamazonica",28.3,24.4
"Site1",NA,"inga sp.11",11.6819728229451,14.1
"Site1",NA,"iriartea deltoidea",16.2,16.5
"Site1",NA,"dendropanax cuneatus",17.7,19.6
"Site1",NA,"pachira insignis",11.2,14.5
"Site1",NA,"conceveiba martiana",20.6,18.9
"Site1",NA,"inga leptocarpa",26.451551541873,22.7
"Site1",NA,"brosimum guianense",31.7,6.7
"Site1",NA,NA,33.8,26.9
"Site1",NA,"agonandra brasiliensis",51.1,32.8
"Site1",NA,"otoba glycycarpa",12.1,14.1
"Site1",NA,"dendrobangia multinervia",21.2,19.6
"Site1",NA,"naucleopsis ulei",13.9,15.1
"Site1",NA,"pouteria sp.8",16,16
"Site1",NA,"neea ovalifolia",15.4,17
"Site1",NA,"conceveiba martiana",21.1,22
"Site1",NA,"parkia multijuga",24.9,21.5
"Site1",NA,"erisma laurifolium",17,17.5
"Site1",NA,"rinorea lindeniana",10.2,13.2
"Site1",NA,"unidentified",12.5,15.4
"Site1",NA,"osteophloeum platyspermum",20,8.5
"Site1",NA,"cordia nodosa",10.8,14.6
"Site1",NA,"matayba elegans",22.9,21.3
"Site1",NA,"chimarrhis glabriflora",28.9,23.7
"Site1",NA,"iryanthera hostmannii",16,17.9
"Site1",NA,"simarouba amara",37,27.5
"Site1",NA,"sterculia tessmannii",10.2814093237364,13.3
"Site1",NA,"pseudolmedia laevis",12.095775674984,4.2
"Site1",NA,NA,12.9,15.6
"Site1",NA,"clarisia racemosa",77.9,37.4
"Site1",NA,"otoba glycycarpa",24.1915513499681,22.1
"Site1",NA,"scleronema micranthum",12.8,14.2
"Site1",NA,"otoba parvifolia",22,21.1
"Site1",NA,"rinorea lindeniana",11,14.8
"Site1",NA,"euterpe precatoria",13.2,17
"Site1",NA,"abuta grandifolia",15.9,17.9
"Site1",NA,"iryanthera juruensis",26.5,25.1
"Site1",NA,"iryanthera laevis",15.4,15.4
"Site1",NA,"terminalia dichotoma",45.2,9.2
"Site1",NA,"otoba glycycarpa",12.2,14.3
"Site1",NA,"himatanthus sucuuba",11.3,15.5
"Site1",NA,"guatteria boliviana",16.4,18.3
"Site1",NA,"jacaranda obtusifolia",26.2,21.5
"Site1",NA,"inga chartacea",39.4,27.7
"Site1",NA,"casearia ulmifolia",28.4,24.1
"Site1",NA,"unidentified",34.1,25.8
"Site1",NA,"iriartea deltoidea",20.5,20.5
"Site1",NA,"pouteria bangii",11.3,12.9
"Site1",NA,"hieronyma oblonga",22.7909878507594,20.7
"Site1",NA,"brosimum guianense",29,24
"Site1",NA,"theobroma microcarpum",12.7,16.7
"Site1",NA,"iryanthera lancifolia",15.1,17.8
"Site1",NA,"handroanthus sp.1",22.9,20.2
"Site1",NA,"pouteria bangii",10.5,14.3
"Site1",NA,"zygia latifolia",13.4,15.1
"Site1",NA,"otoba glycycarpa",29.6,23.1
"Site1",NA,"eschweilera itayensis",26.6,21.6
"Site1",NA,"pleurothyrium insigne",16.1064802408998,17.7
"Site1",NA,"cecropia sciadophylla",45.5,29
"Site1",NA,NA,21.1,20.8
"Site1",NA,"calliandra trinervia",12,13.4
"Site1",NA,"sterculia tessmannii",11.1408460164327,14
"Site1",NA,"eugenia florida",12.6,15.2
"Site1",NA,"iryanthera hostmannii",14.1011279579419,14.6
"Site1",NA,"eschweilera coriacea",14.8,16.8
"Site1",NA,"chrysophyllum argenteum",10.6952121757754,13.9
"Site1",NA,"angostura simplex",13,1.8
"Site1",NA,"faramea multiflora",11,16.3
"Site1",NA,"cassipourea peruviana",12.7005644587332,14.5
"Site1",NA,"eschweilera coriacea",17.3,17.6
"Site1",NA,"protium nodulosum",10.1,13.3
"Site1",NA,"richeria sp.1",15.3,16.5
"Site1",NA,"apeiba membranacea",34.9,25.7
"Site1",NA,"eschweilera coriacea",10.8,13.2
"Site1",NA,"sterculia colombiana",33.3,26.2
"Site1",NA,"virola pavonis",14.7,16.9
"Site1",NA,"trattinnickia sp.",15.81,17.3
"Site1",NA,"chrysophyllum manaosense",24.1,21.9
"Site1",NA,"conceveiba guianensis",12.3,15.1
"Site1",NA,NA,14.4,16.8
"Site1",NA,"naucleopsis ulei",17.6025367059636,18.7
"Site1",NA,"sterculia colombiana",63.9,37.5
"Site1",NA,"conceveiba guianensis",15.5,15.9
"Site1",NA,"garcinia madruno",19.4169030572112,20.7
"Site1",NA,"theobroma cacao",11.8092967774186,13.6
"Site1",NA,"sorocea pubivena",13.8,14.8
"Site1",NA,"virola sebifera",43.3,29.2
"Site1",NA,"eschweilera coriacea",48.032961825134,30
"Site1",NA,"virola peruviana",12.1,14.9
"Site1",NA,"eschweilera coriacea",10.1,13.3
"Site1",NA,"eschweilera coriacea",28.7,22.9
"Site1",NA,"oxandra xylopioides",16.6,17
"Site1",NA,"cecropia sciadophylla",31,28.6
"Site1",NA,"theobroma subincanum",18,17.6
"Site1",NA,"nealchornea yapurensis",14.6,15.6
"Site1",NA,"virola calophylla",18.2,19.6
"Site1",NA,"brosimum lactescens",32.9,25
"Site1",NA,"otoba glycycarpa",29.3,25.4
"Site1",NA,"eugenia sp.3",11,12.9
"Site1",NA,"pourouma tomentosa",34.5,27.3
"Site1",NA,"eschweilera coriacea",16.4,7
"Site1",NA,"unidentified",12,15.3
"Site1",NA,"mollia gracilis",24.4,4.9
"Site1",NA,"astrocaryum ferrugineum",14.5,15.4
"Site1",NA,"aspidosperma desmanthum",28.7752137110147,22.9
"Site1",NA,"protium nodulosum",12.4,16.2
"Site1",NA,"naucleopsis glabra",15.8,17.5
"Site1",NA,"bauhinia sp.1",10.5,13.3
"Site1",NA,"aniba taubertiana",17.1,17.9
"Site1",NA,"phyllanthus attenuatus",20.149015795434,19.9
"Site1",NA,"eschweilera coriacea",27.4383121890428,22.7
"Site1",NA,"pachira insignis",28,22.8
"Site1",NA,"pseudolmedia laevis",40.8,26
"Site1",NA,"guarea gomma",12.9,15.3
"Site1",NA,"swartzia calva",15.7245083774793,16.2
"Site1",NA,"otoba parvifolia",14.5,15.3
"Site1",NA,"pouteria guianensis",12.9,16.2
"Site1",NA,NA,10.5,13
"Site1",NA,"endlicheria sp.1",10.5,13.9
"Site1",NA,"aspidosperma rigidum",29.220847551672,22.1
"Site1",NA,"sloanea floribunda",10.9,7
"Site1",NA,"eschweilera coriacea",30.4,24.7
"Site1",NA,"eschweilera coriacea",34,25.4
"Site1",NA,"moquilea brittoniana",17.5,16.5
"Site1",NA,"protium nodulosum",13.4963391741927,15.3
"Site1",NA,"couroupita subsessilis",33.6,5.6
"Site1",NA,"eugenia florida",12,16
"Site1",NA,"virola pavonis",13,15
"Site1",NA,"pouteria williamii",17.45,16.8
"Site1",NA,"lauraceae sp.3",20.2,19.3
"Site1",NA,"humiriastrum piraparanense",19.7,19.5
"Site1",NA,"astrocaryum ferrugineum",15.8,16.9
"Site1",NA,"amaioua corymbosa",13.5,15.3
"Site1",NA,"astrocaryum ferrugineum",12.4,14
"Site1",NA,"eschweilera bracteosa",28.6,22.4
"Site1",NA,"euterpe precatoria",16.1,18.1
"Site1",NA,"heisteria ovata",21.2,18.7
"Site1",NA,"zygia latifolia",16,17.7
"Site1",NA,"pseudolmedia laevis",29.7,24.3
"Site1",NA,"unidentified",12.5,15.3
"Site1",NA,"pseudolmedia laevis",17,16.9
"Site1",NA,"eschweilera coriacea",30.9397209370645,23.5
"Site1",NA,"hymenopus heteromorphus",42.7,26.5
"Site1",NA,"symphonia globulifera",22.2,19.7
"Site1",NA,"eschweilera coriacea",10.4,13.4
"Site1",NA,"virola calophylla",25.52845287194,23
"Site1",NA,"eschweilera gigantea",57.5,33.4
"Site1",NA,"theobroma microcarpum",13.8,15
"Site1",NA,"abarema jupunba",55.7678920594001,32.7
"Site1",NA,"astrocaryum ferrugineum",14,16.9
"Site1",NA,"pourouma bicolor",16.4,18.3
"Site1",NA,"iryanthera hostmannii",14.6,15.7
"Site1",NA,"inga leptocarpa",14.2,16.8
"Site1",NA,"endlicheria klugii",36.2,28.4
"Site1",NA,"scleronema micranthum",29.3,19.2
"Site1",NA,"socratea exorrhiza",15.3,16.2
"Site1",NA,"simarouba amara",10.2177473464997,14.3
"Site1",NA,"sapium marmieri",11.7,14.1
"Site1",NA,"eschweilera coriacea",20.0853538181972,20.6
"Site1",NA,"protium nodulosum",15,17.2
"Site1",NA,"euterpe precatoria",15.5,16.5
"Site1",NA,"lecythis chartacea",15.6926773888609,16.8
"Site1",NA,"astrocaryum ferrugineum",16.4,17.3
"Site1",NA,"inga tessmannii",24.2,22.1
"Site1",NA,"anaueria brasiliensis",11.3318319481429,13.2
"Site1",NA,"sterculia apeibophylla",22.4,19.5
"Site1",NA,"pouteria guianensis",57.65,35.7
"Site1",NA,"eschweilera coriacea",34.8,27.4
"Site1",NA,"eschweilera bracteosa",19.6,20.4
"Site1",NA,"otoba glycycarpa",23.2,19.7
"Site1",NA,"couepia macrophylla",15.7,15.9
"Site1",NA,"tachigali setifera",21.7,20.8
"Site1",NA,"warszewiczia coccinea",16.5839450701755,18
"Site1",NA,"otoba parvifolia",12.6,13.3
"Site1",NA,"humiriastrum piraparanense",35.2,21.5
"Site1",NA,"alseis microcarpa",14.1,15.9
"Site1",NA,"nealchornea yapurensis",12,6.3
"Site1",NA,"protium nodulosum",17.6,19
"Site1",NA,"naucleopsis krukovii",21.4,20.3
"Site1",NA,"otoba glycycarpa",59.7149346480791,47.1
"Site1",NA,"eschweilera coriacea",19.225917125501,17.7
"Site1",NA,"mollia gracilis",16.9,17.1
"Site1",NA,"virola duckei",15.7,16.5
"Site1",NA,"pouteria hispida",16.5,18.7
"Site1",NA,"symphonia globulifera",16.2,17.6
"Site1",NA,"maquira calophylla",14.6,16
"Site1",NA,"swartzia leptopetala",17.7,20.2
"Site1",NA,"iryanthera juruensis",17.8,18.2
"Site1",NA,NA,16.2,19
"Site1",NA,"connarus erianthus",10.4,13.4
"Site1",NA,"iryanthera hostmannii",11.2,14.6
"Site1",NA,"eschweilera rufifolia",16.2656351839917,17.6
