"site_id","acquisition_id","taxon_name","taxon_family","taxon_genus","taxon_species","taxon_subspecies","taxon_variety"
"Site1","2024-08-03","abarema barbouriana","Fabaceae","Jupunba","barbouriana",NA,NA
"Site1","2024-08-03","abarema jupunba","Fabaceae","Jupunba","trapezifolia",NA,NA
"Site1","2024-08-03","abarema sp.1","Fabaceae","Abarema",NA,NA,NA
"Site1","2024-08-03","abuta grandifolia","Menispermaceae","Abuta","grandifolia",NA,NA
"Site1","2024-08-03","agonandra brasiliensis","Opiliaceae","Agonandra","brasiliensis",NA,NA
"Site1","2024-08-03","agonandra peruviana","Opiliaceae","Agonandra","peruviana",NA,NA
"Site1","2024-08-03","agonandra silvatica","Opiliaceae","Agonandra","silvatica",NA,NA
"Site1","2024-08-03","aiouea grandifolia","Lauraceae","Aiouea","grandifolia",NA,NA
"Site1","2024-08-03","alchornea discolor","Euphorbiaceae","Alchornea","discolor",NA,NA
"Site1","2024-08-03","alchornea latifolia","Euphorbiaceae","Alchornea","latifolia",NA,NA
"Site1","2024-08-03","alchorneopsis floribunda","Euphorbiaceae","Alchorneopsis","floribunda",NA,NA
"Site1","2024-08-03","alibertia claviflora","Rubiaceae","Alibertia","claviflora",NA,NA
"Site1","2024-08-03","alibertia sp.1","Rubiaceae","Alibertia",NA,NA,NA
"Site1","2024-08-03","alseis microcarpa","Rubiaceae","Alseis","microcarpa",NA,NA
"Site1","2024-08-03","alsophila cuspidata","Cyatheaceae","Alsophila","cuspidata",NA,NA
"Site1","2024-08-03","amaioua corymbosa","Rubiaceae","Amaioua","glomerulata",NA,NA
"Site1","2024-08-03","ampelocera edentula","Ulmaceae","Ampelocera","edentula",NA,NA
"Site1","2024-08-03","anacardium sp.1","Anacardiaceae","Anacardium",NA,NA,NA
"Site1","2024-08-03","anaueria brasiliensis","Lauraceae","Beilschmiedia","brasiliensis",NA,NA
"Site1","2024-08-03","anaxagorea brevipes","Annonaceae","Anaxagorea","brevipes",NA,NA
"Site1","2024-08-03","andira macrothyrsa","Fabaceae","Andira","macrothyrsa",NA,NA
"Site1","2024-08-03","andira multistipula","Fabaceae","Andira","multistipula",NA,NA
"Site1","2024-08-03","andira surinamensis","Fabaceae","Andira","surinamensis",NA,NA
"Site1","2024-08-03","angostura simplex","Rutaceae","Angostura","simplex",NA,NA
"Site1","2024-08-03","aniba panurensis","Lauraceae","Aniba","panurensis",NA,NA
"Site1","2024-08-03","aniba sp.1","Lauraceae","Aniba",NA,NA,NA
"Site1","2024-08-03","aniba taubertiana","Lauraceae","Aniba","taubertiana",NA,NA
"Site1","2024-08-03","aniba williamsii","Lauraceae","Aniba","williamsii",NA,NA
"Site1","2024-08-03","annona amazonica","Annonaceae","Annona","amazonica",NA,NA
"Site1","2024-08-03","annona ambotay","Annonaceae","Annona","ambotay",NA,NA
"Site1","2024-08-03","annona cuspidata","Annonaceae","Annona","cuspidata",NA,NA
"Site1","2024-08-03","annona dolichophylla","Annonaceae","Annona","dolichophylla",NA,NA
"Site1","2024-08-03","annona duckei","Annonaceae","Annona","duckei",NA,NA
"Site1","2024-08-03","annona edulis","Annonaceae","Annona","edulis",NA,NA
"Site1","2024-08-03","annona jucunda","Annonaceae","Annona","jucunda",NA,NA
"Site1","2024-08-03","annona neoamazonica","Annonaceae","Annona","neoamazonica",NA,NA
"Site1","2024-08-03","annona neoinsignis","Annonaceae","Annona","neoinsignis",NA,NA
"Site1","2024-08-03","annonaceae sp.1","Annonaceae",NA,NA,NA,NA
"Site1","2024-08-03","anthodiscus klugii","Caryocaraceae","Anthodiscus","klugii",NA,NA
"Site1","2024-08-03","apeiba membranacea","Malvaceae","Apeiba","membranacea",NA,NA
"Site1","2024-08-03","apeiba tibourbou","Malvaceae","Apeiba","tibourbou",NA,NA
"Site1","2024-08-03","aptandra tubicina","Olacaceae","Aptandra","tubicina",NA,NA
"Site1","2024-08-03","aspidosperma capitatum","Apocynaceae","Aspidosperma","capitatum",NA,NA
"Site1","2024-08-03","aspidosperma desmanthum","Apocynaceae","Aspidosperma","desmanthum",NA,NA
"Site1","2024-08-03","aspidosperma excelsum","Apocynaceae","Aspidosperma","excelsum",NA,NA
"Site1","2024-08-03","aspidosperma rigidum","Apocynaceae","Aspidosperma","rigidum",NA,NA
"Site1","2024-08-03","astrocaryum ferrugineum","Arecaceae","Astrocaryum","ferrugineum",NA,NA
"Site1","2024-08-03","attalea butyracea","Arecaceae","Attalea","butyracea",NA,NA
"Site1","2024-08-03","banara nitida","Salicaceae","Banara","nitida",NA,NA
"Site1","2024-08-03","batocarpus orinocensis","Moraceae","Batocarpus","orinocensis",NA,NA
"Site1","2024-08-03","bauhinia brachycalyx","Fabaceae","Bauhinia","brachycalyx",NA,NA
"Site1","2024-08-03","bauhinia sp.1","Fabaceae","Bauhinia",NA,NA,NA
"Site1","2024-08-03","beilschmiedia sp.","Lauraceae","Beilschmiedia",NA,NA,NA
"Site1","2024-08-03","bixa urucurana","Bixaceae","Bixa","urucurana",NA,NA
"Site1","2024-08-03","brosimum acutifolium","Moraceae","Brosimum","acutifolium",NA,NA
"Site1","2024-08-03","brosimum guianense","Moraceae","Brosimum","guianense",NA,NA
"Site1","2024-08-03","brosimum lactescens","Moraceae","Brosimum","lactescens",NA,NA
"Site1","2024-08-03","brosimum multinervium","Moraceae","Brosimum","multinervium",NA,NA
"Site1","2024-08-03","brosimum parinarioides","Moraceae","Brosimum","parinarioides",NA,NA
"Site1","2024-08-03","brosimum rubescens","Moraceae","Brosimum","rubescens",NA,NA
"Site1","2024-08-03","brosimum sp.1","Moraceae","Brosimum",NA,NA,NA
"Site1","2024-08-03","brosimum utile","Moraceae","Brosimum","utile",NA,NA
"Site1","2024-08-03","brunfelsia grandiflora","Solanaceae","Brunfelsia","grandiflora",NA,NA
"Site1","2024-08-03","buchenavia amazonia","Combretaceae","Terminalia","viridiflora",NA,NA
"Site1","2024-08-03","buchenavia congesta","Combretaceae","Terminalia","congesta",NA,NA
"Site1","2024-08-03","buchenavia tetraphylla","Combretaceae","Terminalia","tetraphylla",NA,NA
"Site1","2024-08-03","bunchosia sp.1","Malpighiaceae","Bunchosia",NA,NA,NA
"Site1","2024-08-03","byrsonima flexipes","Malpighiaceae","Byrsonima","flexipes",NA,NA
"Site1","2024-08-03","byrsonima poeppigiana","Malpighiaceae","Byrsonima","poeppigiana",NA,NA
"Site1","2024-08-03","byrsonima sp.1","Malpighiaceae","Byrsonima",NA,NA,NA
"Site1","2024-08-03","cabralea canjerana","Meliaceae","Cabralea","canjerana",NA,NA
"Site1","2024-08-03","cabralea septentrionalis",NA,NA,NA,NA,NA
"Site1","2024-08-03","calliandra guildingii","Fabaceae","Calliandra","guildingii",NA,NA
"Site1","2024-08-03","calliandra trinervia","Fabaceae","Calliandra","trinervia",NA,NA
"Site1","2024-08-03","calycophyllum megistocaulum","Rubiaceae","Calycophyllum","megistocaulum",NA,NA
"Site1","2024-08-03","campsiandra comosa","Fabaceae","Campsiandra","comosa",NA,NA
"Site1","2024-08-03","capirona decorticans","Rubiaceae","Capirona","macrophylla",NA,NA
"Site1","2024-08-03","capparidastrum osmanthum","Capparaceae","Morisonia","osmantha",NA,NA
"Site1","2024-08-03","caraipa grandifolia","Calophyllaceae","Caraipa","grandifolia",NA,NA
"Site1","2024-08-03","carapa guianensis","Meliaceae","Carapa","guianensis",NA,NA
"Site1","2024-08-03","caryocar glabrum","Caryocaraceae","Caryocar","glabrum",NA,NA
"Site1","2024-08-03","caryodaphnopsis sp.","Lauraceae","Caryodaphnopsis",NA,NA,NA
"Site1","2024-08-03","caryodendron orinocense","Euphorbiaceae","Caryodendron","orinocense",NA,NA
"Site1","2024-08-03","casearia arborea","Salicaceae","Casearia","arborea",NA,NA
"Site1","2024-08-03","casearia javitensis","Salicaceae","Piparea","multiflora",NA,NA
"Site1","2024-08-03","casearia mollis","Salicaceae","Casearia","mollis",NA,NA
"Site1","2024-08-03","casearia prunifolia","Salicaceae","Casearia","prunifolia",NA,NA
"Site1","2024-08-03","casearia sylvestris","Salicaceae","Casearia","sylvestris",NA,NA
"Site1","2024-08-03","casearia ulmifolia","Salicaceae","Casearia","ulmifolia",NA,NA
"Site1","2024-08-03","cassipourea peruviana","Rhizophoraceae","Cassipourea","peruviana",NA,NA
"Site1","2024-08-03","cavanillesia umbellata","Malvaceae","Cavanillesia","umbellata",NA,NA
"Site1","2024-08-03","cecropia ficifolia","Urticaceae","Cecropia","ficifolia",NA,NA
"Site1","2024-08-03","cecropia sciadophylla","Urticaceae","Cecropia","sciadophylla",NA,NA
"Site1","2024-08-03","cedrela odorata","Meliaceae","Cedrela","odorata",NA,NA
"Site1","2024-08-03","cedrelinga cateniformis","Fabaceae","Cedrelinga","cateniformis",NA,NA
"Site1","2024-08-03","ceiba pentandra","Malvaceae","Ceiba","pentandra",NA,NA
"Site1","2024-08-03","cestrum microcalyx","Solanaceae","Cestrum","microcalyx",NA,NA
"Site1","2024-08-03","cestrum schlechtendalii","Solanaceae","Cestrum","schlechtendalii",NA,NA
"Site1","2024-08-03","cheiloclinium cognatum","Celastraceae","Cheiloclinium","cognatum",NA,NA
"Site1","2024-08-03","cheiloclinium sp.1","Celastraceae","Cheiloclinium",NA,NA,NA
"Site1","2024-08-03","chimarrhis glabriflora","Rubiaceae","Chimarrhis","glabriflora",NA,NA
"Site1","2024-08-03","chomelia tenuiflora","Rubiaceae","Chomelia","tenuiflora",NA,NA
"Site1","2024-08-03","chrysochlamys weberbaueri","Clusiaceae","Chrysochlamys","weberbaueri",NA,NA
"Site1","2024-08-03","chrysophyllum argenteum","Sapotaceae","Chrysophyllum","argenteum",NA,NA
"Site1","2024-08-03","chrysophyllum bombycinum","Sapotaceae","Ragala","bombycina",NA,NA
"Site1","2024-08-03","chrysophyllum colombianum","Sapotaceae","Prieurella","colombiana",NA,NA
"Site1","2024-08-03","chrysophyllum manaosense","Sapotaceae","Prieurella","manaosensis",NA,NA
"Site1","2024-08-03","chrysophyllum superbum","Sapotaceae","Chrysophyllum","superbum",NA,NA
"Site1","2024-08-03","chrysophyllum venezuelanum","Sapotaceae","Cornuella","venezuelanensis",NA,NA
"Site1","2024-08-03","clarisia biflora","Moraceae","Clarisia","biflora",NA,NA
"Site1","2024-08-03","clarisia racemosa","Moraceae","Clarisia","racemosa",NA,NA
"Site1","2024-08-03","clusia lineata","Clusiaceae","Clusia","lineata",NA,NA
"Site1","2024-08-03","clusia sp.1","Clusiaceae","Clusia",NA,NA,NA
"Site1","2024-08-03","coccoloba densifrons","Polygonaceae","Coccoloba","densifrons",NA,NA
"Site1","2024-08-03","coccoloba sp.1","Polygonaceae","Coccoloba",NA,NA,NA
"Site1","2024-08-03","compsoneura sprucei","Myristicaceae","Compsoneura","sprucei",NA,NA
"Site1","2024-08-03","conceveiba guianensis","Euphorbiaceae","Conceveiba","guianensis",NA,NA
"Site1","2024-08-03","conceveiba martiana","Euphorbiaceae","Conceveiba","martiana",NA,NA
"Site1","2024-08-03","conceveiba sp.1","Euphorbiaceae","Conceveiba",NA,NA,NA
"Site1","2024-08-03","connarus erianthus","Connaraceae","Connarus","erianthus",NA,NA
"Site1","2024-08-03","connarus fasciculatus","Connaraceae","Connarus","fasciculatus",NA,NA
"Site1","2024-08-03","cordia chamissoniana","Cordiaceae","Cordia","chamissoniana",NA,NA
"Site1","2024-08-03","cordia lasseri","Cordiaceae","Cordia","lasseri",NA,NA
"Site1","2024-08-03","cordia nodosa","Cordiaceae","Cordia","nodosa",NA,NA
"Site1","2024-08-03","cordia panamensis","Cordiaceae","Cordia","panamensis",NA,NA
"Site1","2024-08-03","cordia toqueve","Cordiaceae","Cordia","toqueve",NA,NA
"Site1","2024-08-03","cordia ucayaliensis","Cordiaceae","Cordia","ucayaliensis",NA,NA
"Site1","2024-08-03","cordiera longicaudata","Rubiaceae","Cordiera","longicaudata",NA,NA
"Site1","2024-08-03","couepia macrophylla","Chrysobalanaceae","Couepia","macrophylla",NA,NA
"Site1","2024-08-03","couepia obovata","Chrysobalanaceae","Couepia","obovata",NA,NA
"Site1","2024-08-03","couma macrocarpa","Apocynaceae","Couma","macrocarpa",NA,NA
"Site1","2024-08-03","couratari guianensis","Lecythidaceae","Couratari","guianensis",NA,NA
"Site1","2024-08-03","couroupita subsessilis","Lecythidaceae","Couroupita","subsessilis",NA,NA
"Site1","2024-08-03","coussapoa orthoneura","Urticaceae","Coussapoa","orthoneura",NA,NA
"Site1","2024-08-03","coussapoa trinervia","Urticaceae","Coussapoa","trinervia",NA,NA
"Site1","2024-08-03","coussapoa villosa","Urticaceae","Coussapoa","villosa",NA,NA
"Site1","2024-08-03","crepidospermum goudotianum","Burseraceae","Protium","goudotianum",NA,NA
"Site1","2024-08-03","crepidospermum prancei","Burseraceae","Protium","prancei",NA,NA
"Site1","2024-08-03","crepidospermum rhoifolium","Burseraceae","Protium","rhoifolium",NA,NA
"Site1","2024-08-03","croton bilocularis","Euphorbiaceae","Croton","cuneatus",NA,NA
"Site1","2024-08-03","croton smithianus","Euphorbiaceae","Croton","smithianus",NA,NA
"Site1","2024-08-03","crudia glaberrima","Fabaceae","Crudia","glaberrima",NA,NA
"Site1","2024-08-03","cupania latifolia","Sapindaceae","Cupania","latifolia",NA,NA
"Site1","2024-08-03","dacryodes amplectans","Burseraceae","Dacryodes","amplectans",NA,NA
"Site1","2024-08-03","dacryodes sp.1","Burseraceae","Dacryodes",NA,NA,NA
"Site1","2024-08-03","dendrobangia multinervia","Metteniusaceae","Dendrobangia","multinervia",NA,NA
"Site1","2024-08-03","dendropanax cuneatus","Araliaceae","Dendropanax","cuneatus",NA,NA
"Site1","2024-08-03","dialium guianense","Fabaceae","Dialium","guianense",NA,NA
"Site1","2024-08-03","dicorynia paraensis","Fabaceae","Dicorynia","paraensis",NA,NA
"Site1","2024-08-03","dicranostyles densa","Convolvulaceae","Dicranostyles","densa",NA,NA
"Site1","2024-08-03","dicranostyles holostyla","Convolvulaceae","Dicranostyles","holostyla",NA,NA
"Site1","2024-08-03","diospyros artanthifolia","Ebenaceae","Diospyros","artanthifolia",NA,NA
"Site1","2024-08-03","diospyros capreifolia","Ebenaceae","Diospyros","capreifolia",NA,NA
"Site1","2024-08-03","diospyros guatterioides","Ebenaceae","Diospyros","guatterioides",NA,NA
"Site1","2024-08-03","diplotropis martiusii","Fabaceae","Diplotropis","martiusii",NA,NA
"Site1","2024-08-03","dipteryx magnifica","Fabaceae","Dipteryx","magnifica",NA,NA
"Site1","2024-08-03","discophora guianensis","Stemonuraceae","Discophora","guianensis",NA,NA
"Site1","2024-08-03","drymonia affinis","Gesneriaceae","Drymonia","affinis",NA,NA
"Site1","2024-08-03","drypetes amazonica","Putranjivaceae","Drypetes","amazonica",NA,NA
"Site1","2024-08-03","drypetes ampelocerifolia","Putranjivaceae","Drypetes",NA,NA,NA
"Site1","2024-08-03","drypetes sp.1","Putranjivaceae","Drypetes",NA,NA,NA
"Site1","2024-08-03","drypetes sp.2","Putranjivaceae","Drypetes",NA,NA,NA
"Site1","2024-08-03","duguetia quitarensis","Annonaceae","Duguetia","quitarensis",NA,NA
"Site1","2024-08-03","duguetia riparia","Annonaceae","Duguetia","riparia",NA,NA
"Site1","2024-08-03","duguetia sp.1","Annonaceae","Duguetia",NA,NA,NA
"Site1","2024-08-03","duguetia spixiana","Annonaceae","Duguetia","spixiana",NA,NA
"Site1","2024-08-03","duguetia stenantha","Annonaceae","Duguetia","stenantha",NA,NA
"Site1","2024-08-03","duguetia ulei","Annonaceae","Duguetia","ulei",NA,NA
"Site1","2024-08-03","dulacia candida","Olacaceae","Olax","candida",NA,NA
"Site1","2024-08-03","dussia tessmannii","Fabaceae","Dussia","tessmannii",NA,NA
"Site1","2024-08-03","ecclinusa sp.nov.","Sapotaceae","Ecclinusa",NA,NA,NA
"Site1","2024-08-03","endlicheria chalisea","Lauraceae","Endlicheria","chalisea",NA,NA
"Site1","2024-08-03","endlicheria formosa","Lauraceae","Endlicheria","formosa",NA,NA
"Site1","2024-08-03","endlicheria klugii","Lauraceae","Endlicheria","klugii",NA,NA
"Site1","2024-08-03","endlicheria krukovii","Lauraceae","Endlicheria","krukovii",NA,NA
"Site1","2024-08-03","endlicheria metallica","Lauraceae","Endlicheria","metallica",NA,NA
"Site1","2024-08-03","endlicheria pyriformis","Lauraceae","Endlicheria","pyriformis",NA,NA
"Site1","2024-08-03","endlicheria sp.1","Lauraceae","Endlicheria",NA,NA,NA
"Site1","2024-08-03","endlicheria sp.7","Lauraceae","Endlicheria",NA,NA,NA
"Site1","2024-08-03","enterolobium schomburgkii","Fabaceae","Robrichia","schomburgkii",NA,NA
"Site1","2024-08-03","eriotheca macrophylla","Malvaceae","Eriotheca","macrophylla",NA,NA
"Site1","2024-08-03","erisma laurifolium","Vochysiaceae","Erisma","laurifolium",NA,NA
"Site1","2024-08-03","erisma sp.","Vochysiaceae","Erisma",NA,NA,NA
"Site1","2024-08-03","erisma uncinatum","Vochysiaceae","Erisma","uncinatum",NA,NA
"Site1","2024-08-03","erythroxylum gracilipes","Erythroxylaceae","Erythroxylum","gracilipes",NA,NA
"Site1","2024-08-03","erythroxylum rufum","Erythroxylaceae","Erythroxylum","rufum",NA,NA
"Site1","2024-08-03","eschweilera albiflora","Lecythidaceae","Eschweilera","albiflora",NA,NA
"Site1","2024-08-03","eschweilera bracteosa","Lecythidaceae","Eschweilera","bracteosa",NA,NA
"Site1","2024-08-03","eschweilera coriacea","Lecythidaceae","Eschweilera","coriacea",NA,NA
"Site1","2024-08-03","eschweilera gigantea","Lecythidaceae","Eschweilera","gigantea",NA,NA
"Site1","2024-08-03","eschweilera itayensis","Lecythidaceae","Eschweilera","itayensis",NA,NA
"Site1","2024-08-03","eschweilera parvifolia","Lecythidaceae","Eschweilera","parvifolia",NA,NA
"Site1","2024-08-03","eschweilera rufifolia","Lecythidaceae","Eschweilera","rufifolia",NA,NA
"Site1","2024-08-03","eschweilera sp.1","Lecythidaceae","Eschweilera",NA,NA,NA
"Site1","2024-08-03","eschweilera sp.2","Lecythidaceae","Eschweilera",NA,NA,NA
"Site1","2024-08-03","esenbeckia amazonica","Rutaceae","Esenbeckia","amazonica",NA,NA
"Site1","2024-08-03","eugenia albicans","Myrtaceae","Eugenia","albicans",NA,NA
"Site1","2024-08-03","eugenia feijoi","Myrtaceae","Eugenia","moschata",NA,NA
"Site1","2024-08-03","eugenia florida","Myrtaceae","Eugenia","florida",NA,NA
"Site1","2024-08-03","eugenia patrisii","Myrtaceae","Eugenia","patrisii",NA,NA
"Site1","2024-08-03","eugenia schunkei","Myrtaceae","Eugenia","schunkei",NA,NA
"Site1","2024-08-03","eugenia sp.14","Myrtaceae","Eugenia",NA,NA,NA
"Site1","2024-08-03","eugenia sp.3","Myrtaceae","Eugenia",NA,NA,NA
"Site1","2024-08-03","eugenia sp.7","Myrtaceae","Eugenia",NA,NA,NA
"Site1","2024-08-03","eugenia sp.9","Myrtaceae","Eugenia",NA,NA,NA
"Site1","2024-08-03","euterpe precatoria","Arecaceae","Euterpe","precatoria",NA,NA
"Site1","2024-08-03","faramea anisocalyx","Rubiaceae","Faramea","anisocalyx",NA,NA
"Site1","2024-08-03","faramea multiflora","Rubiaceae","Faramea","multiflora",NA,NA
"Site1","2024-08-03","ficus americana","Moraceae","Ficus","americana",NA,NA
"Site1","2024-08-03","ficus maxima","Moraceae","Ficus","maxima",NA,NA
"Site1","2024-08-03","ficus paraensis","Moraceae","Ficus","paraensis",NA,NA
"Site1","2024-08-03","ficus pertusa","Moraceae","Ficus","pertusa",NA,NA
"Site1","2024-08-03","ficus sp.1","Moraceae","Ficus",NA,NA,NA
"Site1","2024-08-03","ficus sp.3","Moraceae","Ficus",NA,NA,NA
"Site1","2024-08-03","ficus trigona","Moraceae","Ficus","trigona",NA,NA
"Site1","2024-08-03","ficus yoponensis","Moraceae","Ficus","yoponensis",NA,NA
"Site1","2024-08-03","fusaea longifolia","Annonaceae","Fusaea","longifolia",NA,NA
"Site1","2024-08-03","fusaea peruviana","Annonaceae","Fusaea","peruviana",NA,NA
"Site1","2024-08-03","garcinia macrophylla","Clusiaceae","Garcinia","macrophylla",NA,NA
"Site1","2024-08-03","garcinia madruno","Clusiaceae","Garcinia","madruno",NA,NA
"Site1","2024-08-03","garcinia sp.1","Clusiaceae","Garcinia",NA,NA,NA
"Site1","2024-08-03","genipa americana","Rubiaceae","Genipa","americana",NA,NA
"Site1","2024-08-03","gloeospermum sphaerocarpum","Violaceae","Leonia","sphaerocarpa",NA,NA
"Site1","2024-08-03","glycydendron amazonicum","Euphorbiaceae","Glycydendron","amazonicum",NA,NA
"Site1","2024-08-03","guarea cristata","Meliaceae","Guarea","cristata",NA,NA
"Site1","2024-08-03","guarea ecuadoriensis","Meliaceae","Guarea","ecuadoriensis",NA,NA
"Site1","2024-08-03","guarea glabra","Meliaceae","Guarea","glabra",NA,NA
"Site1","2024-08-03","guarea gomma","Meliaceae","Guarea","gomma",NA,NA
"Site1","2024-08-03","guarea grandifolia","Meliaceae","Guarea","guidonia",NA,NA
"Site1","2024-08-03","guarea kunthiana","Meliaceae","Guarea","kunthiana",NA,NA
"Site1","2024-08-03","guarea macrophylla","Meliaceae","Guarea","macrophylla",NA,NA
"Site1","2024-08-03","guarea pterorhachis","Meliaceae","Guarea","pterorhachis",NA,NA
"Site1","2024-08-03","guarea pubescens","Meliaceae","Guarea","pubescens",NA,NA
"Site1","2024-08-03","guarea purusana","Meliaceae","Guarea","purusana",NA,NA
"Site1","2024-08-03","guarea sp.1","Meliaceae","Guarea",NA,NA,NA
"Site1","2024-08-03","guarea sp.2","Meliaceae","Guarea",NA,NA,NA
"Site1","2024-08-03","guarea trunciflora","Meliaceae","Guarea","trunciflora",NA,NA
"Site1","2024-08-03","guatteria boliviana","Annonaceae","Guatteria","ucayalina",NA,NA
"Site1","2024-08-03","guatteria decurrens","Annonaceae","Guatteria","decurrens",NA,NA
"Site1","2024-08-03","guatteria foliosa","Annonaceae","Guatteria","foliosa",NA,NA
"Site1","2024-08-03","guatteria insculpta","Annonaceae","Guatteria","insculpta",NA,NA
"Site1","2024-08-03","guatteria megalophylla","Annonaceae","Guatteria","megalophylla",NA,NA
"Site1","2024-08-03","guatteria modesta","Annonaceae","Guatteria","modesta",NA,NA
"Site1","2024-08-03","guatteria ramiflora","Annonaceae","Guatteria","ramiflora",NA,NA
"Site1","2024-08-03","guatteria sp.2","Annonaceae","Guatteria",NA,NA,NA
"Site1","2024-08-03","guatteriella sp.1","Annonaceae","Guatteria",NA,NA,NA
"Site1","2024-08-03","gustavia augusta","Lecythidaceae","Gustavia","augusta",NA,NA
"Site1","2024-08-03","gustavia hexapetala","Lecythidaceae","Gustavia","hexapetala",NA,NA
"Site1","2024-08-03","handroanthus capitatus","Bignoniaceae","Handroanthus","capitatus",NA,NA
"Site1","2024-08-03","handroanthus chrysanthus","Bignoniaceae","Handroanthus","chrysanthus",NA,NA
"Site1","2024-08-03","handroanthus incanus","Bignoniaceae","Handroanthus","incanus",NA,NA
"Site1","2024-08-03","handroanthus serratifolius","Bignoniaceae","Handroanthus","serratifolius",NA,NA
"Site1","2024-08-03","handroanthus sp.1","Bignoniaceae","Handroanthus",NA,NA,NA
"Site1","2024-08-03","handroanthus sp.2","Bignoniaceae","Handroanthus",NA,NA,NA
"Site1","2024-08-03","hasseltia floribunda","Salicaceae","Hasseltia","floribunda",NA,NA
"Site1","2024-08-03","heisteria ovata","Olacaceae","Heisteria","ovata",NA,NA
"Site1","2024-08-03","helicostylis tomentosa","Moraceae","Helicostylis","tomentosa",NA,NA
"Site1","2024-08-03","hevea brasiliensis","Euphorbiaceae","Hevea","brasiliensis",NA,NA
"Site1","2024-08-03","hevea guianensis","Euphorbiaceae","Hevea","guianensis",NA,NA
"Site1","2024-08-03","hieronyma alchorneoides","Phyllanthaceae","Hieronyma","alchorneoides",NA,NA
"Site1","2024-08-03","hieronyma oblonga","Phyllanthaceae","Hieronyma","oblonga",NA,NA
"Site1","2024-08-03","himatanthus articulatus","Apocynaceae","Himatanthus","articulatus",NA,NA
"Site1","2024-08-03","himatanthus sucuuba","Apocynaceae","Himatanthus","articulatus",NA,NA
"Site1","2024-08-03","hirtella elongata","Chrysobalanaceae","Hirtella","elongata",NA,NA
"Site1","2024-08-03","hirtella hispidula","Chrysobalanaceae","Hirtella","hispidula",NA,NA
"Site1","2024-08-03","hirtella racemosa","Chrysobalanaceae","Hirtella","racemosa",NA,NA
"Site1","2024-08-03","hirtella schultesii","Chrysobalanaceae","Hirtella","schultesii",NA,NA
"Site1","2024-08-03","humiriastrum piraparanense","Humiriaceae","Humiriastrum","piraparanense",NA,NA
"Site1","2024-08-03","hymenaea oblongifolia","Fabaceae","Hymenaea","oblongifolia",NA,NA
"Site1","2024-08-03","hymenopus arachnoideus","Chrysobalanaceae","Hymenopus","arachnoideus",NA,NA
"Site1","2024-08-03","hymenopus heteromorphus","Chrysobalanaceae","Hymenopus","heteromorphus",NA,NA
"Site1","2024-08-03","hymenopus intrapetiolaris","Chrysobalanaceae","Hymenopus","intrapetiolaris",NA,NA
"Site1","2024-08-03","inga acicularis","Fabaceae","Inga","acicularis",NA,NA
"Site1","2024-08-03","inga acreana","Fabaceae","Inga","acreana",NA,NA
"Site1","2024-08-03","inga auristellae","Fabaceae","Inga","auristellae",NA,NA
"Site1","2024-08-03","inga brachyrhachis","Fabaceae","Inga","brachyrhachis",NA,NA
"Site1","2024-08-03","inga capitata","Fabaceae","Inga","capitata",NA,NA
"Site1","2024-08-03","inga cayennensis","Fabaceae","Inga","cayennensis",NA,NA
"Site1","2024-08-03","inga chartacea","Fabaceae","Inga","chartacea",NA,NA
"Site1","2024-08-03","inga ciliata","Fabaceae","Inga","ciliata",NA,NA
"Site1","2024-08-03","inga cordatoalata","Fabaceae","Inga","cordatoalata",NA,NA
"Site1","2024-08-03","inga coruscans","Fabaceae","Inga","coruscans",NA,NA
"Site1","2024-08-03","inga cylindrica","Fabaceae","Inga","cylindrica",NA,NA
"Site1","2024-08-03","inga edulis","Fabaceae","Inga","edulis",NA,NA
"Site1","2024-08-03","inga fastuosa","Fabaceae","Inga","fastuosa",NA,NA
"Site1","2024-08-03","inga heterophylla","Fabaceae","Inga","heterophylla",NA,NA
"Site1","2024-08-03","inga leiocalycina","Fabaceae","Inga","laevigata",NA,NA
"Site1","2024-08-03","inga leptocarpa","Fabaceae","Inga","leptocarpa",NA,NA
"Site1","2024-08-03","inga loruscans","Fabaceae","Inga","coruscans",NA,NA
"Site1","2024-08-03","inga nobilis","Fabaceae","Inga","nobilis",NA,NA
"Site1","2024-08-03","inga pruriens","Fabaceae","Inga","pruriens",NA,NA
"Site1","2024-08-03","inga punctata","Fabaceae","Inga","punctata",NA,NA
"Site1","2024-08-03","inga sp.11","Fabaceae","Inga",NA,NA,NA
"Site1","2024-08-03","inga sp.12","Fabaceae","Inga",NA,NA,NA
"Site1","2024-08-03","inga sp.2","Fabaceae","Inga",NA,NA,NA
"Site1","2024-08-03","inga sp.4","Fabaceae","Inga",NA,NA,NA
"Site1","2024-08-03","inga sp.7","Fabaceae","Inga",NA,NA,NA
"Site1","2024-08-03","inga sp.8","Fabaceae","Inga",NA,NA,NA
"Site1","2024-08-03","inga sp.9","Fabaceae","Inga",NA,NA,NA
"Site1","2024-08-03","inga spectabilis","Fabaceae","Inga","spectabilis",NA,NA
"Site1","2024-08-03","inga stenoptera","Fabaceae","Inga","stenoptera",NA,NA
"Site1","2024-08-03","inga tenuistipula","Fabaceae","Inga","tenuistipula",NA,NA
"Site1","2024-08-03","inga tessmannii","Fabaceae","Inga","tessmannii",NA,NA
"Site1","2024-08-03","inga umbellifera","Fabaceae","Inga","umbellifera",NA,NA
"Site1","2024-08-03","inga umbratica","Fabaceae","Inga","umbratica",NA,NA
"Site1","2024-08-03","inga vismiifolia","Fabaceae","Inga","vismiifolia",NA,NA
"Site1","2024-08-03","inga yacoana","Fabaceae","Inga","yacoana",NA,NA
"Site1","2024-08-03","inga yasuniana","Fabaceae","Inga","yasuniana",NA,NA
"Site1","2024-08-03","iriartea deltoidea","Arecaceae","Iriartea","deltoidea",NA,NA
"Site1","2024-08-03","iryanthera elliptica","Myristicaceae","Iryanthera","elliptica",NA,NA
"Site1","2024-08-03","iryanthera hostmannii","Myristicaceae","Iryanthera","hostmannii",NA,NA
"Site1","2024-08-03","iryanthera juruensis","Myristicaceae","Iryanthera","juruensis",NA,NA
"Site1","2024-08-03","iryanthera laevis","Myristicaceae","Iryanthera","laevis",NA,NA
"Site1","2024-08-03","iryanthera lancifolia","Myristicaceae","Iryanthera","lancifolia",NA,NA
"Site1","2024-08-03","iryanthera macrophylla","Myristicaceae","Iryanthera","macrophylla",NA,NA
"Site1","2024-08-03","jacaranda copaia","Bignoniaceae","Jacaranda","copaia",NA,NA
"Site1","2024-08-03","jacaranda obtusifolia","Bignoniaceae","Jacaranda","obtusifolia",NA,NA
"Site1","2024-08-03","kutchubaea semisericea","Rubiaceae","Kutchubaea","semisericea",NA,NA
"Site1","2024-08-03","lacistema nena","Lacistemataceae","Lacistema","nena",NA,NA
"Site1","2024-08-03","lacmellea edulis","Apocynaceae","Lacmellea","edulis",NA,NA
"Site1","2024-08-03","lacmellea sp.1","Apocynaceae","Lacmellea",NA,NA,NA
"Site1","2024-08-03","lacunaria crenata","Ochnaceae","Lacunaria","crenata",NA,NA
"Site1","2024-08-03","lacunaria jenmanii","Ochnaceae","Lacunaria","jenmanii",NA,NA
"Site1","2024-08-03","lauraceae sp.1","Lauraceae",NA,NA,NA,NA
"Site1","2024-08-03","lauraceae sp.3","Lauraceae",NA,NA,NA,NA
"Site1","2024-08-03","lecythis chartacea","Lecythidaceae","Lecythis","chartacea",NA,NA
"Site1","2024-08-03","leonia glycycarpa","Violaceae","Leonia","glycycarpa",NA,NA
"Site1","2024-08-03","leonia racemosa","Violaceae","Leonia","racemosa",NA,NA
"Site1","2024-08-03","leptobalanus latus","Chrysobalanaceae","Leptobalanus","latus",NA,NA
"Site1","2024-08-03","leptobalanus longistylus","Chrysobalanaceae","Leptobalanus","longistylus",NA,NA
"Site1","2024-08-03","leptobalanus octandrus","Chrysobalanaceae","Leptobalanus","octandrus",NA,NA
"Site1","2024-08-03","licania canescens","Chrysobalanaceae","Licania","canescens",NA,NA
"Site1","2024-08-03","licania densiflora","Chrysobalanaceae","Licania","densiflora",NA,NA
"Site1","2024-08-03","licania micrantha","Chrysobalanaceae","Licania","micrantha",NA,NA
"Site1","2024-08-03","licania triandra","Chrysobalanaceae","Licania","triandra",NA,NA
"Site1","2024-08-03","licaria crassifolia","Lauraceae","Licaria","crassifolia",NA,NA
"Site1","2024-08-03","licaria sp.3","Lauraceae","Licaria",NA,NA,NA
"Site1","2024-08-03","lindackeria paludosa","Achariaceae","Lindackeria","paludosa",NA,NA
"Site1","2024-08-03","machaerium floribundum","Fabaceae","Machaerium","floribundum",NA,NA
"Site1","2024-08-03","machaerium macrophyllum","Fabaceae","Machaerium","macrophyllum",NA,NA
"Site1","2024-08-03","macrolobium angustifolium","Fabaceae","Macrolobium","angustifolium",NA,NA
"Site1","2024-08-03","macrolobium limbatum","Fabaceae","Macrolobium","limbatum",NA,NA
"Site1","2024-08-03","magnolia rimachii","Magnoliaceae","Magnolia","rimachii",NA,NA
"Site1","2024-08-03","malouetia tamaquarina","Apocynaceae","Malouetia","tamaquarina",NA,NA
"Site1","2024-08-03","manilkara bidentata","Sapotaceae","Manilkara","bidentata",NA,NA
"Site1","2024-08-03","maquira calophylla","Moraceae","Maquira","calophylla",NA,NA
"Site1","2024-08-03","maquira guianensis","Moraceae","Maquira","guianensis",NA,NA
"Site1","2024-08-03","marila tomentosa","Calophyllaceae","Marila","tomentosa",NA,NA
"Site1","2024-08-03","matayba adenanthera","Sapindaceae","Matayba","adenanthera",NA,NA
"Site1","2024-08-03","matayba elegans","Sapindaceae","Matayba","elegans",NA,NA
"Site1","2024-08-03","matayba macrostylis","Sapindaceae","Cupania","macrostylis",NA,NA
"Site1","2024-08-03","matayba purgans","Sapindaceae","Matayba","purgans",NA,NA
"Site1","2024-08-03","matayba scrobiculata","Sapindaceae","Matayba","scrobiculata",NA,NA
"Site1","2024-08-03","matayba sp.1","Sapindaceae","Matayba",NA,NA,NA
"Site1","2024-08-03","matisia bracteolosa","Malvaceae","Matisia","bracteolosa",NA,NA
"Site1","2024-08-03","matisia malacocalyx","Malvaceae","Matisia","malacocalyx",NA,NA
"Site1","2024-08-03","maytenus amazonica","Celastraceae","Maytenus","amazonica",NA,NA
"Site1","2024-08-03","meliosma loretoyacuensis","Sabiaceae","Meliosma","loretoyacuensis",NA,NA
"Site1","2024-08-03","miconia dolichorrhyncha","Melastomataceae","Miconia","dolichorrhyncha",NA,NA
"Site1","2024-08-03","miconia napoana","Melastomataceae","Miconia","napoana",NA,NA
"Site1","2024-08-03","miconia punctata","Melastomataceae","Miconia","punctata",NA,NA
"Site1","2024-08-03","miconia spennerostachya","Melastomataceae","Miconia","spennerostachya",NA,NA
"Site1","2024-08-03","micropholis egensis","Sapotaceae","Micropholis","egensis",NA,NA
"Site1","2024-08-03","micropholis guyanensis","Sapotaceae","Micropholis","guyanensis",NA,NA
"Site1","2024-08-03","micropholis melinoniana","Sapotaceae","Micropholis","melinoniana",NA,NA
"Site1","2024-08-03","micropholis mensalis","Sapotaceae","Micropholis","mensalis",NA,NA
"Site1","2024-08-03","micropholis porphyrocarpa","Sapotaceae","Micropholis","porphyrocarpa",NA,NA
"Site1","2024-08-03","micropholis venulosa","Sapotaceae","Micropholis","venulosa",NA,NA
"Site1","2024-08-03","mimosaceae sp.3","Fabaceae","Mimosa",NA,NA,NA
"Site1","2024-08-03","minquartia guianensis","Olacaceae","Minquartia","guianensis",NA,NA
"Site1","2024-08-03","mollia gracilis","Malvaceae","Mollia","gracilis",NA,NA
"Site1","2024-08-03","mollinedia tomentosa","Monimiaceae","Mollinedia","tomentosa",NA,NA
"Site1","2024-08-03","moquilea brittoniana","Chrysobalanaceae","Moquilea","brittoniana",NA,NA
"Site1","2024-08-03","moquilea guianensis","Chrysobalanaceae","Moquilea","guianensis",NA,NA
"Site1","2024-08-03","moquilea jaramilloi","Chrysobalanaceae","Moquilea","jaramilloi",NA,NA
"Site1","2024-08-03","mouriri guianensis","Melastomataceae","Mouriri","guianensis",NA,NA
"Site1","2024-08-03","moutabea aculeata","Polygalaceae","Moutabea","aculeata",NA,NA
"Site1","2024-08-03","myrcia aliena","Myrtaceae","Myrcia","aliena",NA,NA
"Site1","2024-08-03","myrcia sp.1","Myrtaceae","Myrcia",NA,NA,NA
"Site1","2024-08-03","myrtaceae sp.1","Myrtaceae",NA,NA,NA,NA
"Site1","2024-08-03","myrtaceae sp.10","Myrtaceae",NA,NA,NA,NA
"Site1","2024-08-03","myrtaceae sp.15","Myrtaceae",NA,NA,NA,NA
"Site1","2024-08-03","myrtaceae sp.3","Myrtaceae",NA,NA,NA,NA
"Site1","2024-08-03","myrtaceae sp.4","Myrtaceae",NA,NA,NA,NA
"Site1","2024-08-03","myrtaceae sp.5","Myrtaceae",NA,NA,NA,NA
"Site1","2024-08-03","myrtaceae sp.7","Myrtaceae",NA,NA,NA,NA
"Site1","2024-08-03","myrtaceae sp.8","Myrtaceae",NA,NA,NA,NA
"Site1","2024-08-03","naucleopsis caloneura","Moraceae","Naucleopsis","caloneura",NA,NA
"Site1","2024-08-03","naucleopsis concinna","Moraceae","Naucleopsis","concinna",NA,NA
"Site1","2024-08-03","naucleopsis glabra","Moraceae","Naucleopsis","glabra",NA,NA
"Site1","2024-08-03","naucleopsis imitans","Moraceae","Naucleopsis","imitans",NA,NA
"Site1","2024-08-03","naucleopsis krukovii","Moraceae","Naucleopsis","krukovii",NA,NA
"Site1","2024-08-03","naucleopsis oblongifolia","Moraceae","Naucleopsis","oblongifolia",NA,NA
"Site1","2024-08-03","naucleopsis riparia","Moraceae","Naucleopsis","riparia",NA,NA
"Site1","2024-08-03","naucleopsis sp.1","Moraceae","Naucleopsis",NA,NA,NA
"Site1","2024-08-03","naucleopsis sp.3","Moraceae","Naucleopsis",NA,NA,NA
"Site1","2024-08-03","naucleopsis ulei","Moraceae","Naucleopsis","ulei",NA,NA
"Site1","2024-08-03","nealchornea yapurensis","Euphorbiaceae","Nealchornea","yapurensis",NA,NA
"Site1","2024-08-03","nectandra pulverulenta","Lauraceae","Nectandra","pulverulenta",NA,NA
"Site1","2024-08-03","neea ovalifolia","Nyctaginaceae","Neea","ovalifolia",NA,NA
"Site1","2024-08-03","neea parviflora","Nyctaginaceae","Neea","parviflora",NA,NA
"Site1","2024-08-03","neea robusta","Nyctaginaceae","Neea","robusta",NA,NA
"Site1","2024-08-03","neea sp.2","Nyctaginaceae","Neea",NA,NA,NA
"Site1","2024-08-03","neea spruceana","Nyctaginaceae","Neea","spruceana",NA,NA
"Site1","2024-08-03","ocotea cernua","Lauraceae","Ocotea","leptobotra",NA,NA
"Site1","2024-08-03","ocotea floribunda","Lauraceae","Ocotea","floribunda",NA,NA
"Site1","2024-08-03","ocotea longifolia","Lauraceae","Ocotea","aurantiodora",NA,NA
"Site1","2024-08-03","ocotea myriantha","Lauraceae","Ocotea","myriantha",NA,NA
"Site1","2024-08-03","ocotea oblonga","Lauraceae","Ocotea","oblonga",NA,NA
"Site1","2024-08-03","ocotea sp.12","Lauraceae","Ocotea",NA,NA,NA
"Site1","2024-08-03","ocotea sp.4","Lauraceae","Ocotea",NA,NA,NA
"Site1","2024-08-03","ocotea sp.6","Lauraceae","Ocotea",NA,NA,NA
"Site1","2024-08-03","ocotea sp.7","Lauraceae","Ocotea",NA,NA,NA
"Site1","2024-08-03","ophiocaryon heterophyllum","Sabiaceae","Ophiocaryon","heterophyllum",NA,NA
"Site1","2024-08-03","ophiocaryon klugii","Sabiaceae","Ophiocaryon","klugii",NA,NA
"Site1","2024-08-03","ormosia amazonica","Fabaceae","Ormosia","amazonica",NA,NA
"Site1","2024-08-03","ormosia macrocalyx","Fabaceae","Ormosia","macrocalyx",NA,NA
"Site1","2024-08-03","ormosia sp.1","Fabaceae","Ormosia",NA,NA,NA
"Site1","2024-08-03","osteophloeum platyspermum","Myristicaceae","Osteophloeum","platyspermum",NA,NA
"Site1","2024-08-03","otoba glycycarpa","Myristicaceae","Otoba","glycycarpa",NA,NA
"Site1","2024-08-03","otoba parvifolia","Myristicaceae","Otoba","parvifolia",NA,NA
"Site1","2024-08-03","oxandra major","Annonaceae","Oxandra","xylopioides",NA,NA
"Site1","2024-08-03","oxandra mediocris","Annonaceae","Oxandra","mediocris",NA,NA
"Site1","2024-08-03","oxandra riedeliana","Annonaceae","Oxandra","riedeliana",NA,NA
"Site1","2024-08-03","oxandra xylopioides","Annonaceae","Oxandra","xylopioides",NA,NA
"Site1","2024-08-03","pachira insignis","Malvaceae","Pachira","insignis",NA,NA
"Site1","2024-08-03","parinari parilis","Chrysobalanaceae","Parinari","parilis",NA,NA
"Site1","2024-08-03","parkia multijuga","Fabaceae","Parkia","multijuga",NA,NA
"Site1","2024-08-03","parkia nitida","Fabaceae","Parkia","nitida",NA,NA
"Site1","2024-08-03","patinoa ichthyotoxica","Malvaceae","Patinoa","ichthyotoxica",NA,NA
"Site1","2024-08-03","pera arborea","Peraceae","Pera","arborea",NA,NA
"Site1","2024-08-03","pera sp.1","Peraceae","Pera",NA,NA,NA
"Site1","2024-08-03","pera tomentosa","Peraceae","Pera","tomentosa",NA,NA
"Site1","2024-08-03","perebea angustifolia","Moraceae","Perebea","angustifolia",NA,NA
"Site1","2024-08-03","perebea guianensis","Moraceae","Perebea","guianensis",NA,NA
"Site1","2024-08-03","perebea mollis","Moraceae","Perebea","mollis",NA,NA
"Site1","2024-08-03","perebea sp.1","Moraceae","Perebea",NA,NA,NA
"Site1","2024-08-03","perebea sp.2","Moraceae","Perebea",NA,NA,NA
"Site1","2024-08-03","perebea xanthochyma","Moraceae","Perebea","xanthochyma",NA,NA
"Site1","2024-08-03","phragmotheca mammosa","Malvaceae","Phragmotheca","mammosa",NA,NA
"Site1","2024-08-03","phyllanthus attenuatus","Phyllanthaceae","Phyllanthus","attenuatus",NA,NA
"Site1","2024-08-03","picrolemma sprucei","Simaroubaceae","Picrolemma","sprucei",NA,NA
"Site1","2024-08-03","platymiscium stipulare","Fabaceae","Platymiscium","stipulare",NA,NA
"Site1","2024-08-03","pleurothyrium bifidum","Lauraceae","Pleurothyrium","bifidum",NA,NA
"Site1","2024-08-03","pleurothyrium insigne","Lauraceae","Pleurothyrium","insigne",NA,NA
"Site1","2024-08-03","pleurothyrium sp.1","Lauraceae","Pleurothyrium",NA,NA,NA
"Site1","2024-08-03","pleurothyrium trianae","Lauraceae","Pleurothyrium","trianae",NA,NA
"Site1","2024-08-03","pleurothyrium vasquezii","Lauraceae","Pleurothyrium","vasquezii",NA,NA
"Site1","2024-08-03","plinia duplipilosa","Myrtaceae","Plinia","duplipilosa",NA,NA
"Site1","2024-08-03","poraqueiba sericea","Metteniusaceae","Poraqueiba","sericea",NA,NA
"Site1","2024-08-03","poulsenia armata","Moraceae","Poulsenia","armata",NA,NA
"Site1","2024-08-03","pourouma bicolor","Urticaceae","Pourouma","bicolor",NA,NA
"Site1","2024-08-03","pourouma cuspidata","Urticaceae","Pourouma","cuspidata",NA,NA
"Site1","2024-08-03","pourouma guianensis","Urticaceae","Pourouma","guianensis",NA,NA
"Site1","2024-08-03","pourouma minor","Urticaceae","Pourouma","minor",NA,NA
"Site1","2024-08-03","pourouma sp.1","Urticaceae","Pourouma",NA,NA,NA
"Site1","2024-08-03","pourouma tomentosa","Urticaceae","Pourouma","tomentosa",NA,NA
"Site1","2024-08-03","pouteria baehniana","Sapotaceae","Pouteria","baehniana",NA,NA
"Site1","2024-08-03","pouteria bangii","Sapotaceae","Pouteria","bangii",NA,NA
"Site1","2024-08-03","pouteria bilocularis","Sapotaceae","Pouteria","bilocularis",NA,NA
"Site1","2024-08-03","pouteria campanulata","Sapotaceae","Pouteria","campanulata",NA,NA
"Site1","2024-08-03","pouteria cladantha","Sapotaceae","Pouteria","cladantha",NA,NA
"Site1","2024-08-03","pouteria cuspidata","Sapotaceae","Pouteria","cuspidata",NA,NA
"Site1","2024-08-03","pouteria ephedrantha","Sapotaceae","Pouteria","ephedrantha",NA,NA
"Site1","2024-08-03","pouteria glomerata","Sapotaceae","Pouteria","glomerata",NA,NA
"Site1","2024-08-03","pouteria guianensis","Sapotaceae","Pouteria","guianensis",NA,NA
"Site1","2024-08-03","pouteria hispida","Sapotaceae","Pouteria","guianensis",NA,NA
"Site1","2024-08-03","pouteria krukovii","Sapotaceae","Pouteria","krukovii",NA,NA
"Site1","2024-08-03","pouteria macrocarpa","Sapotaceae","Pouteria","macrocarpa",NA,NA
"Site1","2024-08-03","pouteria multiflora","Sapotaceae","Lucuma","multiflora",NA,NA
"Site1","2024-08-03","pouteria nudipetala","Sapotaceae","Pouteria","nudipetala",NA,NA
"Site1","2024-08-03","pouteria sagotiana","Sapotaceae","Pouteria","sagotiana",NA,NA
"Site1","2024-08-03","pouteria sp.1","Sapotaceae","Pouteria",NA,NA,NA
"Site1","2024-08-03","pouteria sp.2","Sapotaceae","Pouteria",NA,NA,NA
"Site1","2024-08-03","pouteria sp.5","Sapotaceae","Pouteria",NA,NA,NA
"Site1","2024-08-03","pouteria sp.6","Sapotaceae","Pouteria",NA,NA,NA
"Site1","2024-08-03","pouteria sp.8","Sapotaceae","Pouteria",NA,NA,NA
"Site1","2024-08-03","pouteria torta","Sapotaceae","Pouteria","torta",NA,NA
"Site1","2024-08-03","pouteria vernicosa","Sapotaceae","Pouteria","vernicosa",NA,NA
"Site1","2024-08-03","pouteria williamii","Sapotaceae","Chromolucuma","williamii",NA,NA
"Site1","2024-08-03","protium amazonicum","Burseraceae","Protium","amazonicum",NA,NA
"Site1","2024-08-03","protium krukoffii","Burseraceae","Protium","krukoffii",NA,NA
"Site1","2024-08-03","protium nodulosum","Burseraceae","Protium","nodulosum",NA,NA
"Site1","2024-08-03","protium opacum","Burseraceae","Protium","opacum",NA,NA
"Site1","2024-08-03","protium robustum","Burseraceae","Protium","robustum",NA,NA
"Site1","2024-08-03","protium rubrum","Burseraceae","Protium","rubrum",NA,NA
"Site1","2024-08-03","protium sagotianum","Burseraceae","Protium","sagotianum",NA,NA
"Site1","2024-08-03","protium subserratum","Burseraceae","Protium","subserratum",NA,NA
"Site1","2024-08-03","protium trifoliolatum","Burseraceae","Protium","trifoliolatum",NA,NA
"Site1","2024-08-03","protium unifoliolatum","Burseraceae","Protium","unifoliolatum",NA,NA
"Site1","2024-08-03","prunus rotunda","Rosaceae","Prunus","rotunda",NA,NA
"Site1","2024-08-03","pseudolmedia laevigata","Moraceae","Pseudolmedia","laevigata",NA,NA
"Site1","2024-08-03","pseudolmedia laevis","Moraceae","Pseudolmedia","laevis",NA,NA
"Site1","2024-08-03","pseudolmedia rigida","Moraceae","Pseudolmedia","rigida",NA,NA
"Site1","2024-08-03","pseudomalmea diclina","Annonaceae","Pseudomalmea","diclina",NA,NA
"Site1","2024-08-03","psychotria borjensis","Rubiaceae","Psychotria","borjensis",NA,NA
"Site1","2024-08-03","pterocarpus amazonum","Fabaceae","Pterocarpus","amazonum",NA,NA
"Site1","2024-08-03","pterocarpus officinalis","Fabaceae","Pterocarpus","officinalis",NA,NA
"Site1","2024-08-03","pterocarpus rohrii","Fabaceae","Pterocarpus","rohrii",NA,NA
"Site1","2024-08-03","pterocarpus sp.1","Fabaceae","Pterocarpus",NA,NA,NA
"Site1","2024-08-03","qualea paraensis","Vochysiaceae","Qualea","paraensis",NA,NA
"Site1","2024-08-03","quararibea guianensis","Malvaceae","Quararibea","guianensis",NA,NA
"Site1","2024-08-03","quararibea loretoyacuensis","Malvaceae","Quararibea","spatulata",NA,NA
"Site1","2024-08-03","rauia prancei","Rutaceae","Rauia","prancei",NA,NA
"Site1","2024-08-03","rhodostemonodaphne kunthiana","Lauraceae","Rhodostemonodaphne","kunthiana",NA,NA
"Site1","2024-08-03","richeria sp.1","Phyllanthaceae","Richeria",NA,NA,NA
"Site1","2024-08-03","rinorea lindeniana","Violaceae","Rinorea","lindeniana",NA,NA
"Site1","2024-08-03","rinorea pubiflora","Violaceae","Rinorea","pubiflora",NA,NA
"Site1","2024-08-03","rinorea viridifolia","Violaceae","Rinorea","viridifolia",NA,NA
"Site1","2024-08-03","rubiaceae sp.10","Rubiaceae",NA,NA,NA,NA
"Site1","2024-08-03","rudgea sclerocalyx","Rubiaceae","Rudgea","sclerocalyx",NA,NA
"Site1","2024-08-03","rudgea viburnoides","Rubiaceae","Rudgea","viburnoides",NA,NA
"Site1","2024-08-03","ruptiliocarpon caracolito","Lepidobotryaceae","Ruptiliocarpon","caracolito",NA,NA
"Site1","2024-08-03","salacia sp.1","Celastraceae","Salacia",NA,NA,NA
"Site1","2024-08-03","sandwithia heterocalyx","Euphorbiaceae","Sagotia","heterocalyx",NA,NA
"Site1","2024-08-03","sapindaceae sp.2","Sapindaceae",NA,NA,NA,NA
"Site1","2024-08-03","sapindaceae sp.3","Sapindaceae",NA,NA,NA,NA
"Site1","2024-08-03","sapium glandulosum","Euphorbiaceae","Sapium","glandulosum",NA,NA
"Site1","2024-08-03","sapium marmieri","Euphorbiaceae","Sapium","marmieri",NA,NA
"Site1","2024-08-03","sapotaceae sp.2","Sapotaceae",NA,NA,NA,NA
"Site1","2024-08-03","sapotaceae sp.3","Sapotaceae",NA,NA,NA,NA
"Site1","2024-08-03","sapotaceae sp.4","Sapotaceae",NA,NA,NA,NA
"Site1","2024-08-03","sarcaulus brasiliensis","Sapotaceae","Sarcaulus","brasiliensis",NA,NA
"Site1","2024-08-03","scleronema micranthum","Malvaceae","Scleronema","micranthum",NA,NA
"Site1","2024-08-03","scleronema praecox","Malvaceae","Scleronema","praecox",NA,NA
"Site1","2024-08-03","seguieria macrophylla","Petiveriaceae","Seguieria","macrophylla",NA,NA
"Site1","2024-08-03","senna sp.1","Fabaceae","Senna",NA,NA,NA
"Site1","2024-08-03","simaba polyphylla","Simaroubaceae","Simaba","polyphylla",NA,NA
"Site1","2024-08-03","simarouba amara","Simaroubaceae","Simarouba","amara",NA,NA
"Site1","2024-08-03","simira cordifolia","Rubiaceae","Simira","cordifolia",NA,NA
"Site1","2024-08-03","simira rubescens","Rubiaceae","Simira","rubescens",NA,NA
"Site1","2024-08-03","siparuna cristata","Siparunaceae","Siparuna","cristata",NA,NA
"Site1","2024-08-03","siparuna cuspidata","Siparunaceae","Siparuna","cuspidata",NA,NA
"Site1","2024-08-03","siparuna decipiens","Siparunaceae","Siparuna","decipiens",NA,NA
"Site1","2024-08-03","siparuna guianensis","Siparunaceae","Siparuna","guianensis",NA,NA
"Site1","2024-08-03","sloanea brevipes","Elaeocarpaceae","Sloanea","brevipes",NA,NA
"Site1","2024-08-03","sloanea durissima","Elaeocarpaceae","Sloanea","durissima",NA,NA
"Site1","2024-08-03","sloanea floribunda","Elaeocarpaceae","Sloanea","floribunda",NA,NA
"Site1","2024-08-03","sloanea gladysiae","Elaeocarpaceae","Sloanea","macrophylla",NA,NA
"Site1","2024-08-03","sloanea guianensis","Elaeocarpaceae","Sloanea","guianensis",NA,NA
"Site1","2024-08-03","sloanea macrophylla","Elaeocarpaceae","Sloanea","macrophylla",NA,NA
"Site1","2024-08-03","sloanea multiflora","Elaeocarpaceae","Sloanea","castanocarpa",NA,NA
"Site1","2024-08-03","sloanea porphyrocarpa","Elaeocarpaceae","Sloanea","terniflora",NA,NA
"Site1","2024-08-03","sloanea pubescens","Elaeocarpaceae","Sloanea","pubescens",NA,NA
"Site1","2024-08-03","sloanea sp.1","Elaeocarpaceae","Sloanea",NA,NA,NA
"Site1","2024-08-03","sloanea sp.2","Elaeocarpaceae","Sloanea",NA,NA,NA
"Site1","2024-08-03","sloanea sp.6","Elaeocarpaceae","Sloanea",NA,NA,NA
"Site1","2024-08-03","socratea exorrhiza","Arecaceae","Socratea","exorrhiza",NA,NA
"Site1","2024-08-03","solanum altissimum","Solanaceae","Solanum","altissimum",NA,NA
"Site1","2024-08-03","sorocea pubivena","Moraceae","Sorocea","pubivena",NA,NA
"Site1","2024-08-03","sorocea steinbachii","Moraceae","Sorocea","steinbachii",NA,NA
"Site1","2024-08-03","spachea tricarpa","Malpighiaceae","Spachea","tricarpa",NA,NA
"Site1","2024-08-03","spondias globosa","Anacardiaceae","Spondias","globosa",NA,NA
"Site1","2024-08-03","sterculia apeibophylla","Malvaceae","Sterculia","apeibophylla",NA,NA
"Site1","2024-08-03","sterculia apetala","Malvaceae","Sterculia","apetala",NA,NA
"Site1","2024-08-03","sterculia colombiana","Malvaceae","Sterculia","colombiana",NA,NA
"Site1","2024-08-03","sterculia frondosa","Malvaceae","Sterculia","frondosa",NA,NA
"Site1","2024-08-03","sterculia peruviana","Malvaceae","Sterculia","peruviana",NA,NA
"Site1","2024-08-03","sterculia tessmannii","Malvaceae","Sterculia","tessmannii",NA,NA
"Site1","2024-08-03","strychnos guianensis","Loganiaceae","Strychnos","guianensis",NA,NA
"Site1","2024-08-03","strychnos javariensis","Loganiaceae","Strychnos","javariensis",NA,NA
"Site1","2024-08-03","strychnos panurensis","Loganiaceae","Strychnos","gubleri",NA,NA
"Site1","2024-08-03","stryphnodendron polystachyum","Fabaceae","Gwilymia","polystachya",NA,NA
"Site1","2024-08-03","stryphnodendron porcatum","Fabaceae","Stryphnodendron","porcatum",NA,NA
"Site1","2024-08-03","stryphnodendron sp.1","Fabaceae","Stryphnodendron",NA,NA,NA
"Site1","2024-08-03","swartzia arborescens","Fabaceae","Swartzia","arborescens",NA,NA
"Site1","2024-08-03","swartzia calva","Fabaceae","Swartzia","calva",NA,NA
"Site1","2024-08-03","swartzia leptopetala","Fabaceae","Swartzia","leptopetala",NA,NA
"Site1","2024-08-03","swartzia oraria","Fabaceae","Swartzia","oraria",NA,NA
"Site1","2024-08-03","symphonia globulifera","Clusiaceae","Symphonia","globulifera",NA,NA
"Site1","2024-08-03","tachigali formicarum","Fabaceae","Tachigali","formicarum",NA,NA
"Site1","2024-08-03","tachigali poeppigiana","Fabaceae","Tachigali","poeppigiana",NA,NA
"Site1","2024-08-03","tachigali setifera","Fabaceae","Tachigali","setifera",NA,NA
"Site1","2024-08-03","tachigali sp.1","Fabaceae","Tachigali",NA,NA,NA
"Site1","2024-08-03","tachigali sp.2","Fabaceae","Tachigali",NA,NA,NA
"Site1","2024-08-03","talisia dasyclada","Sapindaceae","Talisia","dasyclada",NA,NA
"Site1","2024-08-03","talisia longifolia","Sapindaceae","Talisia","longifolia",NA,NA
"Site1","2024-08-03","tapirira guianensis","Anacardiaceae","Tapirira","guianensis",NA,NA
"Site1","2024-08-03","tapirira obtusa","Anacardiaceae","Tapirira","obtusa",NA,NA
"Site1","2024-08-03","tapirira retusa","Anacardiaceae","Tapirira","retusa",NA,NA
"Site1","2024-08-03","tapirira sp.1","Anacardiaceae","Tapirira",NA,NA,NA
"Site1","2024-08-03","tapura acreana","Dichapetalaceae","Tapura","acreana",NA,NA
"Site1","2024-08-03","tapura amazonica","Dichapetalaceae","Tapura","amazonica",NA,NA
"Site1","2024-08-03","taralea oppositifolia","Fabaceae","Taralea","oppositifolia",NA,NA
"Site1","2024-08-03","terminalia dichotoma","Combretaceae","Terminalia","dichotoma",NA,NA
"Site1","2024-08-03","tetragastris panamensis","Burseraceae","Protium","stevensonii",NA,NA
"Site1","2024-08-03","tetrathylacium macrophyllum","Salicaceae","Tetrathylacium","macrophyllum",NA,NA
"Site1","2024-08-03","tetrorchidium rubrivenium","Euphorbiaceae","Tetrorchidium","rubrivenium",NA,NA
"Site1","2024-08-03","theobroma glaucum","Malvaceae","Theobroma","glaucum",NA,NA
"Site1","2024-08-03","theobroma microcarpum","Malvaceae","Theobroma","microcarpum",NA,NA
"Site1","2024-08-03","theobroma obovatum","Malvaceae","Theobroma","obovatum",NA,NA
"Site1","2024-08-03","theobroma subincanum","Malvaceae","Theobroma","speciosum",NA,NA
"Site1","2024-08-03","thyrsodium spruceanum","Anacardiaceae","Thyrsodium","spruceanum",NA,NA
"Site1","2024-08-03","tontelea mauritioides","Celastraceae","Tontelea","mauritioides",NA,NA
"Site1","2024-08-03","tovomita krukovii","Clusiaceae","Tovomita","krukovii",NA,NA
"Site1","2024-08-03","tovomita sp.1","Clusiaceae","Tovomita",NA,NA,NA
"Site1","2024-08-03","trattinnickia lancifolia","Burseraceae","Trattinnickia","lancifolia",NA,NA
"Site1","2024-08-03","trattinnickia sp.","Burseraceae","Trattinnickia",NA,NA,NA
"Site1","2024-08-03","trema micrantha","Cannabaceae","Trema","micranthum",NA,NA
"Site1","2024-08-03","trichilia micrantha","Meliaceae","Trichilia","micrantha",NA,NA
"Site1","2024-08-03","trichilia pallida","Meliaceae","Trichilia","pallida",NA,NA
"Site1","2024-08-03","trichilia quadrijuga","Meliaceae","Trichilia","quadrijuga",NA,NA
"Site1","2024-08-03","trichilia rubra","Meliaceae","Trichilia","rubra",NA,NA
"Site1","2024-08-03","trichilia septentrionalis","Meliaceae","Trichilia","septentrionalis",NA,NA
"Site1","2024-08-03","trichilia solitudinis","Meliaceae","Trichilia","solitudinis",NA,NA
"Site1","2024-08-03","trigynaea cinnamomea","Annonaceae","Trigynaea","cinnamomea",NA,NA
"Site1","2024-08-03","turpinia occidentalis","Staphyleaceae","Turpinia","occidentalis",NA,NA
"Site1","2024-08-03","unidentified",NA,NA,NA,NA,NA
"Site1","2024-08-03","unonopsis floribunda","Annonaceae","Unonopsis","floribunda",NA,NA
"Site1","2024-08-03","unonopsis guatterioides","Annonaceae","Unonopsis","guatterioides",NA,NA
"Site1","2024-08-03","unonopsis spectabilis","Annonaceae","Unonopsis","spectabilis",NA,NA
"Site1","2024-08-03","vasivaea podocarpa","Malvaceae","Vasivaea","podocarpa",NA,NA
"Site1","2024-08-03","vatairea erythrocarpa","Fabaceae","Vatairea","erythrocarpa",NA,NA
"Site1","2024-08-03","vatairea guianensis","Fabaceae","Vatairea","guianensis",NA,NA
"Site1","2024-08-03","vataireopsis iglesiasii","Fabaceae","Vataireopsis","iglesiasii",NA,NA
"Site1","2024-08-03","virola calophylla","Myristicaceae","Virola","calophylla",NA,NA
"Site1","2024-08-03","virola crebrinervia","Myristicaceae","Virola","crebrinervia",NA,NA
"Site1","2024-08-03","virola decorticans","Myristicaceae","Virola","decorticans",NA,NA
"Site1","2024-08-03","virola divergens","Myristicaceae","Virola","divergens",NA,NA
"Site1","2024-08-03","virola duckei","Myristicaceae","Virola","duckei",NA,NA
"Site1","2024-08-03","virola elongata","Myristicaceae","Virola","elongata",NA,NA
"Site1","2024-08-03","virola loretensis","Myristicaceae","Virola","loretensis",NA,NA
"Site1","2024-08-03","virola mollissima","Myristicaceae","Virola","mollissima",NA,NA
"Site1","2024-08-03","virola multicostata","Myristicaceae","Virola","multicostata",NA,NA
"Site1","2024-08-03","virola multinervia","Myristicaceae","Virola","multinervia",NA,NA
"Site1","2024-08-03","virola pavonis","Myristicaceae","Virola","pavonis",NA,NA
"Site1","2024-08-03","virola peruviana","Myristicaceae","Virola","peruviana",NA,NA
"Site1","2024-08-03","virola sebifera","Myristicaceae","Virola","sebifera",NA,NA
"Site1","2024-08-03","virola surinamensis","Myristicaceae","Virola","surinamensis",NA,NA
"Site1","2024-08-03","vismia macrophylla","Hypericaceae","Vismia","macrophylla",NA,NA
"Site1","2024-08-03","vitex klugii","Lamiaceae","Vitex","klugii",NA,NA
"Site1","2024-08-03","vitex orinocensis","Lamiaceae","Vitex","orinocensis",NA,NA
"Site1","2024-08-03","vochysia lomatophylla","Vochysiaceae","Vochysia","lomatophylla",NA,NA
"Site1","2024-08-03","vochysia sp.1","Vochysiaceae","Vochysia",NA,NA,NA
"Site1","2024-08-03","vouarana anomala","Sapindaceae","Vouarana","anomala",NA,NA
"Site1","2024-08-03","vouarana sp.","Sapindaceae","Vouarana",NA,NA,NA
"Site1","2024-08-03","warszewiczia coccinea","Rubiaceae","Warszewiczia","coccinea",NA,NA
"Site1","2024-08-03","xylopia calophylla","Annonaceae","Xylopia","pittieri",NA,NA
"Site1","2024-08-03","xylopia cuspidata","Annonaceae","Xylopia","cuspidata",NA,NA
"Site1","2024-08-03","xylopia sp.1","Annonaceae","Xylopia",NA,NA,NA
"Site1","2024-08-03","zanthoxylum riedelianum","Rutaceae","Zanthoxylum","riedelianum",NA,NA
"Site1","2024-08-03","zanthoxylum sp.1","Rutaceae","Zanthoxylum",NA,NA,NA
"Site1","2024-08-03","zanthoxylum sp.2","Rutaceae","Zanthoxylum",NA,NA,NA
"Site1","2024-08-03","ziziphus cinnamomum","Rhamnaceae","Sarcomphalus","cinnamomum",NA,NA
"Site1","2024-08-03","zygia latifolia","Fabaceae","Zygia","latifolia",NA,NA
