"site_id","taxon_name","wood_density_gcm3","wood_density_sd_gcm3","wood_density_n"
"Site1","Alchorneopsis floribunda",0.43679513920546,0.0422455376915975,17
"Site1","Apeiba membranacea",0.276288066761372,0.160151480791203,2
"Site1","Apeiba tibourbou",0.324149392686954,0.00831234462102827,2
"Site1","Bauhinia brachycalyx",0.652109298017636,0.112721155358967,33
"Site1","Beilschmiedia brasiliensis",0.563728756264192,0.0672116438575146,12
"Site1","Brosimum guianense",0.685222410820963,0.12229194152125,16
"Site1","Brosimum lactescens",0.669612172805601,0.0752583625751978,7
"Site1","Calliandra trinervia",0.793901592664702,0.108172392311728,8
"Site1","Caraipa grandifolia",0.728132477329303,0.082255507572743,4
"Site1","Cecropia sciadophylla",0.312155206950635,0.0750428808259065,11
"Site1","Dendropanax cuneatus",0.559271557117014,0.108280109948777,3
"Site1","Eschweilera coriacea",0.742209550554389,0.122146414843179,22
"Site1","Eschweilera gigantea",0.700188193225648,0.057911766308756,15
"Site1","Eugenia schunkei",0.796347290347269,0.0786335040204153,5
"Site1","Guarea guidonia",0.462911660953691,NA,1
"Site1","Guarea kunthiana",0.583174997678501,0.0766372876851448,4
"Site1","Guatteria ucayalina",0.498002184226392,0.0473602987500179,4
"Site1","Helicostylis tomentosa",0.599558874977883,0.0298623043082267,2
"Site1","Himatanthus articulatus",0.438156884111675,NA,1
"Site1","Hirtella hispidula",0.758346588124228,0.096459685644021,11
"Site1","Iriartea deltoidea",0.319533057766766,0.089435408812448,51
"Site1","Maquira guianensis",0.664055216008065,0.078529068638734,15
"Site1","Matisia bracteolosa",0.511878668844936,0.0637418472973803,10
"Site1","Nealchornea yapurensis",0.561196652846076,0.0559458257333633,5
"Site1","Neea spruceana",0.365910662947384,0.1021545023517,8
"Site1","Otoba parvifolia",0.449474266696543,0.0844173066284018,5
"Site1","Oxandra riedeliana",0.688125971954098,0.114816203473725,12
"Site1","Pachira insignis",0.425785482483712,0.0842045603600154,10
"Site1","Perebea xanthochyma",0.597844289574144,0.0631181931984772,18
"Site1","Platymiscium stipulare",0.708259980643728,0.0489005482502607,12
"Site1","Pouteria baehniana",0.588600403511244,0.0989473352641519,6
"Site1","Pouteria bilocularis",0.787412515893042,0.106980684824811,10
"Site1","Quararibea spatulata",0.574403683195279,0.100743503348473,17
"Site1","Rinorea lindeniana",0.621618619897437,0.104124879228489,12
"Site1","Rudgea viburnoides",0.52526518645231,0.113064810008084,3
"Site1","Sorocea steinbachii",0.575040997418687,0.112096754618066,10
"Site1","Tachigali setifera",0.524812639045862,0.0498497774010045,20
"Site1","Theobroma glaucum",0.546544046618315,0.0432639054837172,3
"Site1","Theobroma obovatum",0.551892124230507,0.0707760858418892,5
"Site1","Virola pavonis",0.524211440837156,0.0962325942941592,14
"Site1","Vitex orinocensis",0.364927491099028,0.146846159283287,2
"Site1","Warszewiczia coccinea",0.640145752834044,0.113947403177675,12
