column_name,class,description,units
site_id,character,"GEO-TREES site name. This should match the site name used elsewhere, e.g. `site_id` in the stem measurement table.",NA
plot_id,character,"Plot name, unique within the site",NA
census_date_geotrees,character,"Which tree inventory censuses will be contributed to GEO-TREES? Mid-census date for each census. Separate multiple entries with a semi-colon "";"". This can be either YYYY, YYYY-MM, or YYYY-MM-DD.",NA
census_date_all,character,"Provide a list of all tree inventory census dates.  Mid-census date for each census. Separate multiple entries with a semi-colon "";"". This can be either YYYY, YYYY-MM, or YYYY-MM-DD.",NA
plot_width_m,numeric,Length of shortest edge of the plot (m). ,m
plot_length_m,numeric,Length of longest edge of the plot (m). ,m
plot_slope_deg,numeric,"Average slope of the plot at a scale of 20 m (degrees, 0 = flat, 90 = vertical).",deg
plot_aspect_deg,numeric,"Aspect of the plot, i.e. the direction of slope (degrees relative to grid north, 0-360).",deg
plot_elevation_m,numeric,"Elevation of the plot above International Mean sea level (m).  In order of preference: 1) Average of GPS readings across the plot, 2) a single GPS reading, 3) Manual lookup on topographic map, 4) NA. We can query SRTM for missing values.",m
plot_planar,logical,"Were plot dimensions established according to a planar projection? (TRUE/FALSE) I.e. was the distance between plot corners measured as a straight line as if looking down from above (TRUE), or following the ground surface (FALSE).",NA
notes_plot,character,"Additional notes on plot survey methods. E.g. methods to geo-locate plot corners, subplot layout.",NA
meas_diam_min_cm,numeric,Minimum diameter threshold (cm). I.e. the stem diameter above which stems are considered for measurement.,cm
meas_pom_default_m,numeric,Default 'point of measurement' (POM) for diameter measurements (m). I.e. the height along the length of the stem where the stem diameter is measured.,m
meas_tree_stem,logical,"For multi-stemmed trees, were measurements recorded for each stem? (TRUE/FALSE) I.e. were measurements recorded for every stem (TRUE), or only for one stem per tree (e.g. the largest stem) (FALSE)?",NA
meas_tree_group,logical,"For multi-stemmed trees, are stems grouped into trees? (TRUE/FALSE) I.e. is it possible to identify to which tree each stem is attached?",NA
meas_dead,logical,Are dead stems measured? (TRUE/FALSE) ,NA
meas_fallen,logical,Are fallen stems measured? (TRUE/FALSE) Fallen is defined as the stem being on the ground and not supporting its own weight.,NA
meas_liana,logical,"Are lianas measured? (TRUE/FALSE) If lianas are not present, enter ""NA""",NA
meas_palm,logical,"Are palms measured? (TRUE/FALSE) If palms are not present, enter ""NA""",NA
meas_bamboo,logical,"Are woody bamboos measured? (TRUE/FALSE) If woody bamboos are not present, enter ""NA""",NA
meas_protocol,character,"Link to protocol document used to measure these plots.  In order of preference: (1) DOI of published protocol, (2) reference of published protocol, (3) other URL, (4) link to local file.",NA
notes_meas,character,"Additional notes on measurements in the plot. Are other tree-like plants measured, e.g. cacti, banana plants, tree-ferns? Stem measurement and mapping methods. Clarification on TRUE/FALSE responses to previous questions.",NA
forest_status,character,"Describe the anthropogenic status of the plot. E.g. old-growth, logged, secondary, plantation.",NA
land_use,character,"Describe any current or historic human land use in the plot. E.g. resource extraction, grazing, planting. Note any changes in land use and approximate dates.",NA
treatment,character,"Describe any current or historic experimental or management treatments which affect the plot. E.g. logging, prescribed fire, thinning, fertilizer application.",NA
treatment_ref,character,"Provide a link to a document describing any experimental or management treatments.  In order of preference: (1) DOI of published document, (2) reference of published document, (3) other URL, (4) link to local file.",NA
fire_regime,character,"If fires affect this plot, describe the fire regime. E.g. number of years between fires, date of last fire, causes of fires, effects of fire on vegetation.",NA
cyclone_regime,character,"If cyclones affect this plot, describe the cyclone regime. E.g. number of years between cyclones, date of last cyclone, effects of cyclones on vegetation.",NA
flood_regime,character,"If this plot ever floods, describe the flooding. E.g. which plots are affected, frequency of flooding, date of last flood event.",NA
earth_regime,character,"If this plot ever experiences landslides, earthquakes or other earth movements, describe these phenomena. E.g. which plots are affected, date of last major earth movement event, effects of earth movements on the vegetation.",NA
herbivory_regime,character,"If herbivores affect the vegetation in this plot, describe the herbivory regime. E.g. species present, population size, effect on tree growth and mortality.",NA
notes_disturbance,character,"Describe any other disturbances which affect vegetation in this plot. E.g. pathogens, heat, frost, invasive species, windthrow.",NA