column_name,class,description,units,min_val,max_val,derived
site_id,character,GEO-TREES site name.,NA,,,
plot_id,character,"Plot name, unique within the site.",NA,,,
point_id,character,ID of the rover geo-reference point,NA,,,
measurement_date,character,The date of the GNSS measurement. This should ideally be YYYY-MM-DD. YYYY-MM and YYYY are also accepted.,NA,,,
corner,logical,TRUE if the point is a plot corner,NA,,,
x_rel_m,numeric,X coordinate of the stem map at this point relative to the entire plot (m).,m,,,
y_rel_m,numeric,Y coordinate of the stem map at this point relative to the entire plot (m).,m,,,
rover_easting_utm_m,numeric,"UTM Easting coordinate of the rover. If using a handheld GNSS unit, enter the coordinates of the sample point here.",m,0,NA,
rover_northing_utm_m,numeric,"UTM Northing coordinate of the rover. If using a handheld GNSS unit, enter the coordinates of the sample point here.",m,0,NA,
rover_elevation_m,numeric,Elevation (typically orthometric height/above mean sea level) of the rover.,m,-100,10000,
rover_ellipse_height_m,numeric,Ellipsoidal height of the rover.,m,-100,10000,
rover_easting_rms_m,numeric,Root Mean Square (RMS) error for the rover's Easting measurement (horizontal precision).,m,,,
rover_northing_rms_m,numeric,Root Mean Square (RMS) error for the rover's Northing measurement (horizontal precision).,m,,,
rover_elevation_rms_m,numeric,Root Mean Square (RMS) error for the rover's elevation measurement (vertical precision).,m,,,
rover_lateral_rms_m,numeric,Root Mean Square (RMS) error for the rover's overall lateral/horizontal position.,m,,,
rover_antenna_height_m,numeric,Height of the rover's antenna measured from the ground reference mark.,m,0,10,
rover_start_time,POSIXct,"Start date and time of the rover's data collection/occupation, recorded in UTC.",NA,,,
rover_end_time,POSIXct,"End date and time of the rover's data collection/occupation, recorded in UTC.",NA,,,
rover_sample_n,integer,Total number of samples (epochs) recorded by the rover during the occupation.,NA,1,NA,
rover_model,character,"Model identifier of the rover,  e.g. Emlid Reach RS4+.",NA,,,
rover_pdop,numeric,Position Dilution of Precision (PDOP) recorded at the rover.,NA,0,NA,
rover_gdop,numeric,Geometric Dilution of Precision (GDOP) recorded at the rover.,NA,0,NA,
base_easting_utm_m,numeric,UTM Easting coordinate of the reference base-station used for corrections.,m,0,NA,
base_northing_utm_m,numeric,UTM Northing coordinate of the reference base-station.,m,0,NA,
base_elevation_m,numeric,Elevation (typically orthometric height) of the reference base-station.,m,-100,10000,
base_ellipse_height_m,numeric,Ellipsoidal height of the reference base-station.,m,-100,10000,
base_model,character,"Model identifier of the reference base-station,  e.g. Emlid Reach RS4+.",NA,,,
crs_name,character,"Name of the coordinate reference system, preferably the local WGS84 UTM zone, e.g. 'UTM 18S'.",NA,,,
crs_epsg,integer,"EPSG code of the coordinate reference system, e.g. 32718 for UTM zone 18S.",NA,,,
rover_satellite_n,integer,Number of satellites used in the solution during geo-referencing.,NA,0,NA,
geoid_model,character,"Mathematical model of the Earth's mean sea level used by the receiver or software to convert raw ellipsoidal heights into standard orthometric elevations. E.g. GEOID18, EGM2008.",NA,,,
rover_solution_status,character,"Calculation mode of the post-processed rover position. E.g. ""PPK Fixed"" for highest precision, ""PPK Float"", ""DGPS"", ""Single/Autonomous"", ""RTK Fixed"", ""RTK Float"".",NA,,,