column_name,class,description,units,derived
site_id,character,GEO-TREES site name.,NA,
acquisition_id,character,Acquisition ID. The mid-date of stem measurements within the site for that data collection event.,NA,TRUE
taxon_name,character,The taxonomic name of the tree. Matching the stem measurement table.,NA,
taxon_family,character,The family name of the taxon.,NA,
taxon_genus,character,The genus name of the taxon.,NA,
taxon_species,character,The specific epithet of the taxon. E.g. “africana” for species Burkea africana.,NA,
wood_density_gcm3,numeric,"Wood density estimate from local field measurements, in g cm-3 to three decimal places.",g cm^-3,
wood_density_sd_gcm3,numeric,"Standard deviation of estimated wood density from multiple samples, in g cm-3 to three decimal places.",g cm^-3,
wood_density_n,integer,Number of individuals sampled to estimate wood density.,NA,
growth_form,character,"Classification of growth form. E.g. tree, bamboo, palm, grass-tree, liana, etc. See the GEO-TREES Tree Inventory Guidelines Section 7: What to measure.",NA,
agb_allometry,character,Recommended above-ground woody biomass allometry e.g. “Chave et al. (2014) Equation 4”. Provide more details elsewhere.,NA,